"time","S:70-OS:3-H:2-G:C10-N:2_E-DAE-Obs_w:1.0-Orth_w:0.0-Act:ELU-B:True-BN:False-LR:0.001-L:5-128_system.n_constraints=1 system=linear_system - _step","S:70-OS:3-H:2-G:C10-N:2_E-DAE-Obs_w:1.0-Orth_w:0.0-Act:ELU-B:True-BN:False-LR:0.001-L:5-128_system.n_constraints=1 system=linear_system - _step__MIN","S:70-OS:3-H:2-G:C10-N:2_E-DAE-Obs_w:1.0-Orth_w:0.0-Act:ELU-B:True-BN:False-LR:0.001-L:5-128_system.n_constraints=1 system=linear_system - _step__MAX","S:70-OS:3-H:2-G:C10-N:2_E-DAE-Obs_w:1.0-Orth_w:0.0-Act:ELU-B:True-BN:False-LR:0.001-L:5-128_system.n_constraints=1 system=linear_system - state_pred_loss_t/test","S:70-OS:3-H:2-G:C10-N:2_E-DAE-Obs_w:1.0-Orth_w:0.0-Act:ELU-B:True-BN:False-LR:0.001-L:5-128_system.n_constraints=1 system=linear_system - state_pred_loss_t/test__MIN","S:70-OS:3-H:2-G:C10-N:2_E-DAE-Obs_w:1.0-Orth_w:0.0-Act:ELU-B:True-BN:False-LR:0.001-L:5-128_system.n_constraints=1 system=linear_system - state_pred_loss_t/test__MAX","S:70-OS:3-H:2-G:C10-N:2_DAE-Obs_w:1.0-Orth_w:0.0-Act:ELU-B:True-BN:False-LR:0.001-L:5-128_system.n_constraints=1 system=linear_system - _step","S:70-OS:3-H:2-G:C10-N:2_DAE-Obs_w:1.0-Orth_w:0.0-Act:ELU-B:True-BN:False-LR:0.001-L:5-128_system.n_constraints=1 system=linear_system - _step__MIN","S:70-OS:3-H:2-G:C10-N:2_DAE-Obs_w:1.0-Orth_w:0.0-Act:ELU-B:True-BN:False-LR:0.001-L:5-128_system.n_constraints=1 system=linear_system - _step__MAX","S:70-OS:3-H:2-G:C10-N:2_DAE-Obs_w:1.0-Orth_w:0.0-Act:ELU-B:True-BN:False-LR:0.001-L:5-128_system.n_constraints=1 system=linear_system - state_pred_loss_t/test","S:70-OS:3-H:2-G:C10-N:2_DAE-Obs_w:1.0-Orth_w:0.0-Act:ELU-B:True-BN:False-LR:0.001-L:5-128_system.n_constraints=1 system=linear_system - state_pred_loss_t/test__MIN","S:70-OS:3-H:2-G:C10-N:2_DAE-Obs_w:1.0-Orth_w:0.0-Act:ELU-B:True-BN:False-LR:0.001-L:5-128_system.n_constraints=1 system=linear_system - state_pred_loss_t/test__MAX","S:70-OS:3-H:2-G:C5-N:2_DAE-Obs_w:1.0-Orth_w:0.0-Act:ELU-B:True-BN:False-LR:0.001-L:5-128_system.n_constraints=1 system.train_ratio=1.0 - _step","S:70-OS:3-H:2-G:C5-N:2_DAE-Obs_w:1.0-Orth_w:0.0-Act:ELU-B:True-BN:False-LR:0.001-L:5-128_system.n_constraints=1 system.train_ratio=1.0 - _step__MIN","S:70-OS:3-H:2-G:C5-N:2_DAE-Obs_w:1.0-Orth_w:0.0-Act:ELU-B:True-BN:False-LR:0.001-L:5-128_system.n_constraints=1 system.train_ratio=1.0 - _step__MAX","S:70-OS:3-H:2-G:C5-N:2_DAE-Obs_w:1.0-Orth_w:0.0-Act:ELU-B:True-BN:False-LR:0.001-L:5-128_system.n_constraints=1 system.train_ratio=1.0 - state_pred_loss_t/test","S:70-OS:3-H:2-G:C5-N:2_DAE-Obs_w:1.0-Orth_w:0.0-Act:ELU-B:True-BN:False-LR:0.001-L:5-128_system.n_constraints=1 system.train_ratio=1.0 - state_pred_loss_t/test__MIN","S:70-OS:3-H:2-G:C5-N:2_DAE-Obs_w:1.0-Orth_w:0.0-Act:ELU-B:True-BN:False-LR:0.001-L:5-128_system.n_constraints=1 system.train_ratio=1.0 - state_pred_loss_t/test__MAX"
"0","11202","7452","14952","0.010134133447606403","0.00956940371543169","0.011029727756977081","11202","7452","14952","0.029164312980495967","0.02761472947895527","0.030753567814826965","11702","9902","13502","0.031418249011039734","0.030540164560079575","0.032815076410770416"
"0.051303535693925435","11203","7453","14953","0.024368011983684622","0.023989994078874588","0.024850571528077126","11203","7453","14953","0.03764527183599197","0.036406997591257095","0.038914646953344345","","","","","",""
"0.052130199592674294","","","","","","","","","","","","","11703","9903","13503","0.039985428349329874","0.03912831470370293","0.04109833762049675"
"0.10260707138785087","11204","7454","14954","0.03268192472079626","0.03230033814907074","0.03303954005241394","11204","7454","14954","0.04455314071562428","0.04343163222074509","0.045741014182567596","","","","","",""
"0.10426039918534859","","","","","","","","","","","","","11704","9904","13504","0.047253888386946455","0.046399470418691635","0.048257485032081604"
"0.1539106070817763","11205","7455","14955","0.03916643291281966","0.038802530616521835","0.03955184668302536","11205","7455","14955","0.05064965429930733","0.04939205199480057","0.05168912932276726","","","","","",""
"0.1563905987780229","","","","","","","","","","","","","11705","9905","13505","0.053831383012808286","0.05289061740040779","0.05470012500882149"
"0.20521414277570174","11206","7456","14956","0.04464164845502147","0.044213518500328064","0.044971998780965805","11206","7456","14956","0.05622892282330073","0.05491896718740463","0.05732673034071922","","","","","",""
"0.20852079837069717","","","","","","","","","","","","","11706","9906","13506","0.059944165440706104","0.05883731693029404","0.06109970808029175"
"0.2565176784696272","11207","7457","14957","0.04946446153693474","0.04908789321780205","0.049817364662885666","11207","7457","14957","0.06145188083442358","0.05997864529490471","0.06256033480167389","","","","","",""
"0.2606509979633715","","","","","","","","","","","","","11707","9907","13507","0.0657089243714626","0.06452426314353943","0.06679678708314896"
"0.3078212141635526","11208","7458","14958","0.05380304512352897","0.053353048861026764","0.05424639955163002","11208","7458","14958","0.06639603296151528","0.06485473364591599","0.06755691766738892","","","","","",""
"0.3127811975560458","","","","","","","","","","","","","11708","9908","13508","0.07121236736957844","0.06990799307823181","0.07226855307817459"
"0.35912474985747805","11209","7459","14959","0.05775116469997626","0.05732845515012741","0.05823258310556412","11209","7459","14959","0.0711008940035334","0.06945381313562393","0.07226185500621796","","","","","",""
"0.36491139714872006","","","","","","","","","","","","","11709","9909","13509","0.07650305273441169","0.07506769150495529","0.07748016715049744"
"0.4104282855514035","11210","7460","14960","0.06141002454723303","0.06094459444284439","0.061951398849487305","11210","7460","14960","0.0756238795673618","0.07384146749973297","0.07692692428827286","","","","","",""
"0.41704159674139435","","","","","","","","","","","","","11710","9910","13510","0.08161841820065792","0.08009036630392075","0.08271770179271698"
"0.4617318212453289","11211","7461","14961","0.06483619151493678","0.06436531245708466","0.06537555158138275","11211","7461","14961","0.07999717272244967","0.07806412130594254","0.0813416987657547","","","","","",""
"0.46917179633406864","","","","","","","","","","","","","11711","9911","13511","0.08660515139882381","0.08489522337913513","0.08789893239736557"
"0.5130353569392544","11212","7462","14962","0.06808387029629487","0.06748927384614944","0.06862255185842514","11212","7462","14962","0.08425607224209951","0.08224504441022873","0.08568902313709259","","","","","",""
"0.521301995926743","","","","","","","","","","","","","11712","9912","13512","0.09146061253089172","0.08962135016918182","0.09300979226827621"
"0.5643388926331798","11213","7463","14963","0.07117169221433309","0.07047204673290253","0.07179609686136246","11213","7463","14963","0.0884064486823403","0.08631975203752518","0.09006476402282715","","","","","",""
"0.5734321955194173","","","","","","","","","","","","","11713","9913","13513","0.0962107665836811","0.09418412297964096","0.09793834388256073"
"0.6156424283271053","11214","7464","14964","0.07413508621259378","0.07339590042829514","0.07465434074401855","11214","7464","14964","0.09246783216412251","0.09017708152532578","0.09438785910606384","","","","","",""
"0.6255623951120916","","","","","","","","","","","","","11714","9914","13514","0.10088159831670615","0.09868980944156647","0.1027269959449768"
"0.6669459640210307","11215","7465","14965","0.07696565190473428","0.07612122595310211","0.07757994532585144","11215","7465","14965","0.096432347710316","0.0940392017364502","0.09834165871143341","","","","","",""
"0.6776925947047658","","","","","","","","","","","","","11715","9915","13515","0.10545580117748334","0.10308653861284256","0.10745178908109665"
"0.7182494997149561","11216","7466","14966","0.07965513239972867","0.07887991517782211","0.08035855740308762","11216","7466","14966","0.10029409481928898","0.09781425446271896","0.10227088630199432","","","","","",""
"0.7298227942974401","","","","","","","","","","","","","11716","9916","13516","0.10995693963307601","0.10745444148778915","0.11223039031028748"
"0.7695530354088815","11217","7467","14967","0.08225390795045175","0.08148451149463654","0.08294651657342911","11217","7467","14967","0.10408883706594889","0.10140393674373627","0.10620216280221939","","","","","",""
"0.7819529938901144","","","","","","","","","","","","","11717","9917","13517","0.11437862280469674","0.11167998611927032","0.11685585975646973"
"0.820856571102807","11218","7468","14968","0.0847379549478109","0.0840507447719574","0.0854351744055748","11218","7468","14968","0.10779623973828095","0.10485263913869858","0.10996051877737045","","","","","",""
"0.8340831934827887","","","","","","","","","","","","","11718","9918","13518","0.11874617063082181","0.11593705415725708","0.12147226929664612"
"0.8721601067967324","11219","7469","14969","0.08711438446950454","0.0864301472902298","0.08780521899461746","11219","7469","14969","0.11141842446075036","0.10832911729812622","0.11374741792678833","","","","","",""
"0.886213393075463","","","","","","","","","","","","","11719","9919","13519","0.12304495446957074","0.12020207941532135","0.1260448545217514"
"0.9234636424906578","11220","7470","14970","0.08940315389862427","0.08872553706169128","0.09005999565124512","11220","7470","14970","0.11497322455621682","0.1117081493139267","0.11728297919034958","","","","","",""
"0.9383435926681373","","","","","","","","","","","","","11720","9920","13520","0.1272932285299668","0.12426914274692535","0.1304997205734253"
"0.9747671781845832","11221","7471","14971","0.09160541091114283","0.09093404561281204","0.0923328548669815","11221","7471","14971","0.11846067555821858","0.1149611696600914","0.12086500227451324","","","","","",""
"0.9904737922608116","","","","","","","","","","","","","11721","9921","13521","0.13148858627447715","0.12837322056293488","0.13479208946228027"
"1.0260707138785088","11222","7472","14972","0.09374209557874845","0.09300339221954346","0.09449617564678192","11222","7472","14972","0.1218926226003812","0.11820892244577408","0.12435808032751083","","","","","",""
"1.042603991853486","","","","","","","","","","","","","11722","9922","13522","0.13563376034681612","0.13240930438041687","0.13913555443286896"
"1.077374249572434","11223","7473","14973","0.0958101383338754","0.09498441964387894","0.09664295613765717","11223","7473","14973","0.1252655853302433","0.12143772095441818","0.12778474390506744","","","","","",""
"1.0947341914461601","","","","","","","","","","","","","11723","9923","13523","0.13972782572874656","0.13626481592655182","0.14351491630077362"
"1.1286777852663596","11224","7474","14974","0.09781508391293195","0.09689220786094666","0.09870631247758865","11224","7474","14974","0.12858239432366994","0.12465883791446686","0.13136084377765656","","","","","",""
"1.1468643910388345","","","","","","","","","","","","","11724","9924","13524","0.143780139203255","0.14013321697711945","0.1477883905172348"
"1.179981320960285","11225","7475","14975","0.09976405600229135","0.09881734848022461","0.10060121864080429","11225","7475","14975","0.13185115817647713","0.1278393417596817","0.13459929823875427","","","","","",""
"1.1989945906315087","","","","","","","","","","","","","11725","9925","13525","0.14780287960400948","0.14413535594940186","0.15209028124809265"
"1.2312848566542105","11226","7476","14976","0.10166800294357997","0.10063427686691284","0.10259421169757843","11226","7476","14976","0.1350782638272414","0.1309235692024231","0.137801855802536","","","","","",""
"1.251124790224183","","","","","","","","","","","","","11726","9926","13526","0.15180639636058074","0.14803043007850647","0.15625369548797607"
"1.2825883923481358","11227","7477","14977","0.10351815554671563","0.102440744638443","0.10443747043609619","11227","7477","14977","0.13825628204414478","0.13395841419696808","0.14105263352394104","","","","","",""
"1.3032549898168573","","","","","","","","","","","","","11727","9927","13527","0.15577364197144142","0.1519010365009308","0.16052483022212982"
"1.3338919280420614","11228","7478","14978","0.1053351923250235","0.10432875901460648","0.10620956867933273","11228","7478","14978","0.14140372021267048","0.1369377225637436","0.14422766864299774","","","","","",""
"1.3553851894095317","","","","","","","","","","","","","11728","9928","13528","0.15971325853696236","0.1557527482509613","0.16473644971847534"
"1.3851954637359867","11229","7479","14979","0.10711971340844265","0.10600311309099197","0.10822104662656784","11229","7479","14979","0.14451826062913126","0.1399008184671402","0.14753685891628265","","","","","",""
"1.4075153890022059","","","","","","","","","","","","","11729","9929","13529","0.1636344618522204","0.1594959795475006","0.1689091920852661"
"1.4364989994299122","11230","7480","14980","0.10886679396319848","0.10770413279533386","0.10997879505157471","11230","7480","14980","0.1475952323526144","0.14287468791007996","0.15069714188575745","","","","","",""
"1.4596455885948802","","","","","","","","","","","","","11730","9930","13530","0.1675231703198873","0.16326943039894104","0.17305082082748413"
"1.4878025351238375","11231","7481","14981","0.11059452994511677","0.10943976789712906","0.11175740510225296","11231","7481","14981","0.150645559367079","0.1457546204328537","0.15385515987873077","","","","","",""
"1.5117757881875544","","","","","","","","","","","","","11731","9931","13531","0.17136383400513575","0.16701671481132507","0.1771613210439682"
"1.539106070817763","11232","7482","14982","0.112282094402382","0.11106614023447037","0.11343325674533844","11232","7482","14982","0.15365712029429582","0.14870774745941162","0.15691237151622772","","","","","",""
"1.5639059877802288","","","","","","","","","","","","","11732","9932","13532","0.17518176998083407","0.170758917927742","0.18128277361392975"
"1.5904096065116884","11233","7483","14983","0.11392900025328764","0.1125587671995163","0.11511190235614777","11233","7483","14983","0.15662737076099104","0.15157489478588104","0.16002437472343445","","","","","",""
"1.616036187372903","","","","","","","","","","","","","11733","9933","13533","0.1789857762364241","0.17453598976135254","0.185336634516716"
"1.641713142205614","11234","7484","14984","0.11554332371228017","0.11403516680002213","0.1167430579662323","11234","7484","14984","0.15956505961143053","0.15453356504440308","0.1630345582962036","","","","","",""
"1.6681663869655774","","","","","","","","","","","","","11734","9934","13534","0.18275468395306513","0.17825880646705627","0.18930403888225555"
"1.6930166778995395","11235","7485","14985","0.1171421784047897","0.11563418060541153","0.11839081346988678","11235","7485","14985","0.16248220764100552","0.15737146139144897","0.1660367101430893","","","","","",""
"1.7202965865582518","","","","","","","","","","","","","11735","9935","13535","0.18648307483929855","0.18206442892551422","0.1932384967803955"
"1.7443202135934648","11236","7486","14986","0.11870823972500287","0.11716551333665848","0.11996583640575409","11236","7486","14986","0.1653639774482984","0.16010911762714386","0.1690719723701477","","","","","",""
"1.772426786150926","","","","","","","","","","","","","11736","9936","13536","0.19019452425149772","0.1857483983039856","0.19711606204509735"
"1.7956237492873903","11237","7487","14987","0.12026122484642726","0.11871375143527985","0.12161283940076828","11237","7487","14987","0.16822315695194098","0.16291941702365875","0.17204537987709045","","","","","",""
"1.8245569857436004","","","","","","","","","","","","","11737","9937","13537","0.19386695955808347","0.18939648568630219","0.20094847679138184"
"1.8469272849813156","11238","7488","14988","0.12178526159662467","0.12020083516836166","0.12316284328699112","11238","7488","14988","0.17105251593658558","0.16552191972732544","0.17503829300403595","","","","","",""
"1.8766871853362745","","","","","","","","","","","","","11738","9938","13538","0.19751147811229414","0.19287961721420288","0.20480510592460632"
"1.8982308206752412","11239","7489","14989","0.12329181663405436","0.12165198475122452","0.12467076629400253","11239","7489","14989","0.17386254195410472","0.16811825335025787","0.17806345224380493","","","","","",""
"1.928817384928949","","","","","","","","","","","","","11739","9939","13539","0.20112241976536238","0.19647186994552612","0.20858410000801086"
"1.9495343563691665","11240","7490","14990","0.12480031913862778","0.12317748367786407","0.12620076537132263","11240","7490","14990","0.17666197295945424","0.17075267434120178","0.18095892667770386","","","","","",""
"1.9809475845216231","","","","","","","","","","","","","11740","9940","13540","0.2047128132902659","0.20013952255249023","0.21242909133434296"
"2.000837892063092","11241","7491","14991","0.1262838667831742","0.12464050203561783","0.12769073247909546","11241","7491","14991","0.17943199595006612","0.1733846217393875","0.18389149010181427","","","","","",""
"2.0330777841142975","","","","","","","","","","","","","11741","9941","13541","0.20828022062778473","0.20366911590099335","0.2161765694618225"
"2.0521414277570176","11242","7492","14992","0.12774775205896452","0.1260535567998886","0.129194974899292","11242","7492","14992","0.18217519040291125","0.17606477439403534","0.18681427836418152","","","","","",""
"2.085207983706972","","","","","","","","","","","","","11742","9942","13542","0.21182672622112128","0.20711037516593933","0.21985343098640442"
"2.1034449634509427","11243","7493","14993","0.12919237135121456","0.12750349938869476","0.13068631291389465","11243","7493","14993","0.1848983561190275","0.17860861122608185","0.18966923654079437","","","","","",""
"2.137338183299646","","","","","","","","","","","","","11743","9943","13543","0.21536470777713335","0.21065394580364227","0.2235669642686844"
"2.154748499144868","11244","7494","14994","0.1306183131841513","0.12887272238731384","0.13213661313056946","11244","7494","14994","0.187598370302182","0.18112045526504517","0.1924246996641159","","","","","",""
"2.1894683828923203","","","","","","","","","","","","","11744","9944","13544","0.2188700380233618","0.21415434777736664","0.22729630768299103"
"2.2060520348387938","11245","7495","14995","0.13200341136409685","0.1302705705165863","0.13349449634552002","11245","7495","14995","0.1902630448054809","0.18364429473876953","0.19509565830230713","","","","","",""
"2.2415985824849947","","","","","","","","","","","","","11745","9945","13545","0.222350568152391","0.21750031411647797","0.2311081886291504"
"2.2573555705327193","11246","7496","14996","0.13336804523490942","0.13158833980560303","0.13490056991577148","11246","7496","14996","0.19290430528613237","0.18621724843978882","0.19771550595760345","","","","","",""
"2.293728782077669","","","","","","","","","","","","","11746","9946","13546","0.22581078513310507","0.22094397246837616","0.2348557710647583"
"2.3086591062266444","11247","7497","14997","0.1347160694690851","0.13287129998207092","0.13636697828769684","11247","7497","14997","0.19552582402068835","0.188744455575943","0.20051296055316925","","","","","",""
"2.345858981670343","","","","","","","","","","","","","11747","9947","13547","0.22924385964870453","0.2243424952030182","0.2384183555841446"
"2.35996264192057","11248","7498","14998","0.13604080447783837","0.13427822291851044","0.13763059675693512","11248","7498","14998","0.19811945193662092","0.19137100875377655","0.2032187432050705","","","","","",""
"2.3979891812630174","","","","","","","","","","","","","11748","9948","13548","0.23265534582046363","0.22768153250217438","0.242079496383667"
"2.4112661776144955","11249","7499","14999","0.13735140974705035","0.13556943833827972","0.13890935480594635","11249","7499","14999","0.2006945018298351","0.19382290542125702","0.20582975447177887","","","","","",""
"2.450119380855692","","","","","","","","","","","","","11749","9949","13549","0.2360488875554158","0.23109087347984314","0.24564090371131897"
"2.462569713308421","11250","7500","15000","0.13865108472796586","0.13683684170246124","0.14015552401542664","11250","7500","15000","0.20325100980699062","0.19636771082878113","0.20840154588222504","","","","","",""
"2.502249580448366","","","","","","","","","","","","","11750","9950","13550","0.23941272382552808","0.23443692922592163","0.24914151430130005"
"2.5138732490023465","11251","7501","15001","0.13994132068294746","0.13812413811683655","0.14142650365829468","11251","7501","15001","0.20579137051334748","0.19880110025405884","0.21103236079216003","","","","","",""
"2.5543797800410406","","","","","","","","","","","","","11751","9951","13551","0.24275751182666191","0.23771744966506958","0.2526136338710785"
"2.5651767846962716","11252","7502","15002","0.1412120805336879","0.13939633965492249","0.14274179935455322","11252","7502","15002","0.20831074823553747","0.20125223696231842","0.21364028751850128","","","","","",""
"2.6065099796337146","","","","","","","","","","","","","11752","9952","13552","0.24608730524778366","0.24114225804805756","0.25608283281326294"
"2.616480320390197","11253","7503","15003","0.1424803202255414","0.1405983716249466","0.1440151184797287","11253","7503","15003","0.21081645758106157","0.20365358889102936","0.21616117656230927","","","","","",""
"2.658640179226389","","","","","","","","","","","","","11753","9953","13553","0.24939395028811234","0.24448251724243164","0.25952234864234924"
"2.6677838560841227","11254","7504","15004","0.14371612238196227","0.14182019233703613","0.1451314240694046","11254","7504","15004","0.2132898662239313","0.20596431195735931","0.21869251132011414","","","","","",""
"2.7107703788190634","","","","","","","","","","","","","11754","9954","13554","0.25267868775587815","0.2475808560848236","0.2630421817302704"
"2.7190873917780483","11255","7505","15005","0.14493315996458897","0.14300760626792908","0.14649607241153717","11255","7505","15005","0.21573925806352726","0.20827098190784454","0.22136054933071136","","","","","",""
"2.7629005784117378","","","","","","","","","","","","","11755","9955","13555","0.25594865129544186","0.2507871687412262","0.2665260434150696"
"2.7703909274719734","11256","7506","15006","0.14615322147997525","0.14409767091274261","0.14764615893363953","11256","7506","15006","0.21818011497648862","0.21062999963760376","0.22385834157466888","","","","","",""
"2.8150307780044117","","","","","","","","","","","","","11756","9956","13556","0.25919542518945843","0.25407251715660095","0.2698369026184082"
"2.821694463165899","11257","7507","15007","0.14736293657467917","0.1453184336423874","0.14889369904994965","11257","7507","15007","0.22060363854353243","0.2129344642162323","0.2264706790447235","","","","","",""
"2.867160977597086","","","","","","","","","","","","","11757","9957","13557","0.26241675592385805","0.2572801113128662","0.27319347858428955"
"2.8729979988598244","11258","7508","15008","0.1485642631753133","0.14636372029781342","0.15014943480491638","11258","7508","15008","0.22301296330988407","0.21521636843681335","0.2290685623884201","","","","","",""
"2.9192911771897605","","","","","","","","","","","","","11758","9958","13558","0.26562427098934466","0.26049456000328064","0.27647605538368225"
"2.92430153455375","11259","7509","15009","0.14975129440426826","0.14749538898468018","0.15132398903369904","11259","7509","15009","0.225403044372797","0.2175147384405136","0.23152926564216614","","","","","",""
"2.971421376782435","","","","","","","","","","","","","11759","9959","13559","0.26881752678981197","0.2635851502418518","0.279817670583725"
"2.975605070247675","11260","7510","15010","0.1509322181630593","0.14868146181106567","0.15252554416656494","11260","7510","15010","0.22777584882882926","0.2198200523853302","0.23405501246452332","","","","","",""
"3.023551576375109","","","","","","","","","","","","","11760","9960","13560","0.2719995895257363","0.2668631374835968","0.28308185935020447"
"3.0269086059416006","11261","7511","15011","0.15209597850648257","0.14975692331790924","0.15361560881137848","11261","7511","15011","0.23012847567980105","0.2221238762140274","0.2366003692150116","","","","","",""
"3.0756817759677832","","","","","","","","","","","","","11761","9961","13561","0.2751616675120134","0.26997873187065125","0.2864644527435303"
"3.078212141635526","11262","7512","15012","0.15323354977254683","0.15074963867664337","0.15479135513305664","11262","7512","15012","0.23245575952415282","0.2243926078081131","0.2390197515487671","","","","","",""
"3.1278119755604576","","","","","","","","","","","","","11762","9962","13562","0.27830808093914616","0.27302873134613037","0.2897762954235077"
"3.1295156773294517","11263","7513","15013","0.1543623936864046","0.15183141827583313","0.15604624152183533","11263","7513","15013","0.23477073715856442","0.22664177417755127","0.2416260689496994","","","","","",""
"3.179942175153132","","","","","","","","","","","","","11763","9963","13563","0.2814303980423854","0.2760913372039795","0.293011337518692"
"3.180819213023377","11264","7514","15014","0.15548723506239745","0.1529049426317215","0.15732239186763763","11264","7514","15014","0.23707287300091523","0.22897061705589294","0.24399405717849731","","","","","",""
"3.232072374745806","","","","","","","","","","","","","11764","9964","13564","0.28453967433709365","0.27909964323043823","0.29621559381484985"
"3.2321227487173023","11265","7515","15015","0.156610751667848","0.15389607846736908","0.15858840942382812","11265","7515","15015","0.23936387094167563","0.23109306395053864","0.24642692506313324","","","","","",""
"3.283426284411228","11266","7516","15016","0.15772516266084635","0.1548832207918167","0.15974915027618408","11266","7516","15016","0.2416418418288231","0.23311249911785126","0.24891331791877747","","","","","",""
"3.2842025743384804","","","","","","","","","","","","","11765","9965","13565","0.2876190302463678","0.2820965647697449","0.29949861764907837"
"3.3347298201051534","11267","7517","15017","0.1588343012218292","0.15603768825531006","0.16092434525489807","11267","7517","15017","0.2439065916607013","0.23517370223999023","0.25135311484336853","","","","","",""
"3.336332773931155","","","","","","","","","","","","","11766","9966","13566","0.2906859264923976","0.28513309359550476","0.30271273851394653"
"3.386033355799079","11268","7518","15018","0.1599335680500819","0.15701109170913696","0.16206490993499756","11268","7518","15018","0.24615636811806604","0.23723749816417694","0.25377708673477173","","","","","",""
"3.388462973523829","","","","","","","","","","","","","11767","9967","13567","0.2937354984191748","0.28822872042655945","0.3059179484844208"
"3.437336891493004","11269","7519","15019","0.1610393999860837","0.15808917582035065","0.16322284936904907","11269","7519","15019","0.24839870703334993","0.23926517367362976","0.25613299012184143","","","","","",""
"3.4405931731165036","","","","","","","","","","","","","11768","9968","13568","0.29676399208032167","0.2912619709968567","0.30898094177246094"
"3.4886404271869296","11270","7520","15020","0.16214470436366704","0.1591189056634903","0.1643502563238144","11270","7520","15020","0.2506342842601813","0.2413121610879898","0.25853773951530457","","","","","",""
"3.4927233727091775","","","","","","","","","","","","","11769","9969","13569","0.2997794139843721","0.2942841351032257","0.3121339976787567"
"3.539943962880855","11271","7521","15021","0.16323977880753004","0.16008536517620087","0.1655435562133789","11271","7521","15021","0.25285438620127165","0.24343599379062653","0.2608630359172821","","","","","",""
"3.544853572301852","","","","","","","","","","","","","11770","9970","13570","0.3027867686290007","0.2973080277442932","0.3152546286582947"
"3.5912474985747806","11272","7522","15022","0.1643503153553376","0.16103701293468475","0.16666235029697418","11272","7522","15022","0.2550733864593964","0.24555614590644836","0.26320216059684753","","","","","",""
"3.5969837718945263","","","","","","","","","","","","","11771","9971","13571","0.30579618880381954","0.30018991231918335","0.3183954954147339"
"3.6425510342687057","11273","7523","15023","0.16545606891696268","0.16202767193317413","0.16786980628967285","11273","7523","15023","0.25728042094180215","0.24761737883090973","0.26551222801208496","","","","","",""
"3.6491139714872007","","","","","","","","","","","","","11772","9972","13572","0.30878764390945435","0.30298152565956116","0.32151779532432556"
"3.6938545699626313","11274","7524","15024","0.16654659277544573","0.1629977971315384","0.16905246675014496","11274","7524","15024","0.259469509554597","0.24965433776378632","0.2677910625934601","","","","","",""
"3.7012441710798747","","","","","","","","","","","","","11773","9973","13573","0.3117656214879109","0.3056686222553253","0.32460060715675354"
"3.745158105656557","11275","7525","15025","0.16764854553800362","0.16400250792503357","0.17024606466293335","11275","7525","15025","0.2616567224837266","0.2516571581363678","0.2700866758823395","","","","","",""
"3.753374370672549","","","","","","","","","","","","","11774","9974","13574","0.3147398760685554","0.30843982100486755","0.3277874290943146"
"3.7964616413504824","11276","7526","15026","0.16874186880886555","0.16510553658008575","0.1714371293783188","11276","7526","15026","0.2638302906774558","0.25363144278526306","0.27232563495635986","","","","","",""
"3.8055045702652235","","","","","","","","","","","","","11775","9975","13575","0.31770303960029894","0.3111218512058258","0.33090177178382874"
"3.8477651770444075","11277","7527","15027","0.1698344725255783","0.16615571081638336","0.17262373864650726","11277","7527","15027","0.2659948711784986","0.25578734278678894","0.2746776044368744","","","","","",""
"3.857634769857898","","","","","","","","","","","","","11776","9976","13576","0.32065281386558825","0.3138749301433563","0.334066778421402"
"3.899068712738333","11278","7528","15028","0.17093326710164547","0.1672714799642563","0.17375928163528442","11278","7528","15028","0.2681542563323791","0.25786179304122925","0.2770773768424988","","","","","",""
"3.909764969450572","","","","","","","","","","","","","11777","9977","13577","0.3235889191810901","0.31653979420661926","0.3371714651584625"
"3.9503722484322585","11279","7529","15029","0.17203684308781073","0.1683039516210556","0.17502349615097046","11279","7529","15029","0.27030374797490925","0.25992417335510254","0.2793574929237366","","","","","",""
"3.9618951690432462","","","","","","","","","","","","","11778","9978","13578","0.32651137159420895","0.319085955619812","0.34023699164390564"
"4.001675784126184","11280","7530","15030","0.1731394430479178","0.1694076806306839","0.1762348711490631","11280","7530","15030","0.27244401522553885","0.2620219588279724","0.28160426020622253","","","","","",""
"4.01402536863592","","","","","","","","","","","","","11779","9979","13579","0.32941627502441406","0.32183408737182617","0.34325820207595825"
"4.05297931982011","11281","7531","15031","0.17422816916727102","0.17045170068740845","0.17732807993888855","11281","7531","15031","0.2745663303022201","0.2640058100223541","0.28384265303611755","","","","","",""
"4.066155568228595","","","","","","","","","","","","","11780","9980","13580","0.3323033990768286","0.3244169354438782","0.3463529050350189"
"4.104282855514035","11282","7532","15032","0.17530784082527345","0.17149390280246735","0.17854465544223785","11282","7532","15032","0.276675533503294","0.266007661819458","0.28612253069877625","","","","","",""
"4.118285767821269","","","","","","","","","","","","","11781","9981","13581","0.33517288817809177","0.3269385099411011","0.3493683934211731"
"4.155586391207961","11283","7533","15033","0.17638189560518816","0.1726064234972","0.17978110909461975","11283","7533","15033","0.27877495323236173","0.26796755194664","0.28827354311943054","","","","","",""
"4.170415967413944","","","","","","","","","","","","","11782","9982","13582","0.3380259183736948","0.3294726610183716","0.35239413380622864"
"4.206889926901885","11284","7534","15034","0.1774448093313437","0.1736971139907837","0.18090659379959106","11284","7534","15034","0.2808618906598825","0.2700197398662567","0.2905261516571045","","","","","",""
"4.222546167006618","","","","","","","","","","","","","11783","9983","13583","0.3408571137831761","0.33207476139068604","0.35532501339912415"
"4.258193462595811","11285","7535","15035","0.17850065302963442","0.17470604181289673","0.1820564568042755","11285","7535","15035","0.282936721180494","0.27192071080207825","0.2926878035068512","","","","","",""
"4.274676366599292","","","","","","","","","","","","","11784","9984","13584","0.3436737415882257","0.3345917761325836","0.35830768942832947"
"4.309496998289736","11286","7536","15036","0.1795446601911233","0.1756405234336853","0.18309928476810455","11286","7536","15036","0.28499801084399223","0.2738233208656311","0.2948026657104492","","","","","",""
"4.326806566191967","","","","","","","","","","","","","11785","9985","13585","0.3464675476917854","0.3373263478279114","0.36135074496269226"
"4.360800533983662","11287","7537","15037","0.18058982921334413","0.17654208838939667","0.1843145191669464","11287","7537","15037","0.28705223162586874","0.27564433217048645","0.29700663685798645","","","","","",""
"4.3789367657846405","","","","","","","","","","","","","11786","9986","13586","0.34924535567943865","0.33984243869781494","0.3642506003379822"
"4.4121040696775875","11288","7538","15038","0.18162060614961845","0.1775914430618286","0.18542765080928802","11288","7538","15038","0.28909111939943755","0.277407705783844","0.2990662753582001","","","","","",""
"4.431066965377315","","","","","","","","","","","","","11787","9987","13587","0.35199942611731017","0.34233683347702026","0.3672146499156952"
"4.463407605371513","11289","7539","15039","0.18267325397867423","0.17859598994255066","0.18650764226913452","11289","7539","15039","0.2911341287768804","0.27913278341293335","0.3011211156845093","","","","","",""
"4.483197164969989","","","","","","","","","","","","","11788","9988","13588","0.35473947800122774","0.34466156363487244","0.3700760304927826"
"4.514711141065439","11290","7540","15040","0.183722710236907","0.1795245260000229","0.18761900067329407","11290","7540","15040","0.2931708779472571","0.2809451222419739","0.30316686630249023","","","","","",""
"4.535327364562663","","","","","","","","","","","","","11789","9989","13589","0.35746541963173795","0.3471269905567169","0.3730122745037079"
"4.566014676759364","11291","7541","15041","0.18477274506137922","0.1804387867450714","0.188836932182312","11291","7541","15041","0.2952004653903154","0.2828482687473297","0.3052990734577179","","","","","",""
"4.587457564155338","","","","","","","","","","","","","11790","9990","13590","0.3601913509460596","0.34950608015060425","0.3758992850780487"
"4.617318212453289","11292","7542","15042","0.18582111597061157","0.18140064179897308","0.1899360567331314","11292","7542","15042","0.29722125427081036","0.284542977809906","0.3074450194835663","","","","","",""
"4.639587763748012","","","","","","","","","","","","","11791","9991","13591","0.36291375297766465","0.3519956171512604","0.37878814339637756"
"4.668621748147214","11293","7543","15043","0.18686450301454618","0.18244896829128265","0.1910472810268402","11293","7543","15043","0.29923090539299524","0.2863028347492218","0.3095165491104126","","","","","",""
"4.691717963340686","","","","","","","","","","","","","11792","9992","13592","0.3656410907323544","0.3544482886791229","0.381671279668808"
"4.71992528384114","11294","7544","15044","0.1878929275732774","0.18347258865833282","0.19228386878967285","11294","7544","15044","0.3012263302046519","0.28791874647140503","0.3115595281124115","","","","","",""
"4.743848162933361","","","","","","","","","","","","","11793","9993","13593","0.3683614077476355","0.3569299876689911","0.3845788836479187"
"4.771228819535065","11295","7545","15045","0.18892193886523062","0.1845162808895111","0.1934809684753418","11295","7545","15045","0.3032155641569541","0.2897067368030548","0.3138088881969452","","","","","",""
"4.795978362526035","","","","","","","","","","","","","11794","9994","13594","0.3710722636718016","0.35946035385131836","0.38737452030181885"
"4.822532355228991","11296","7546","15046","0.1899615557721028","0.18544013798236847","0.1946467012166977","11296","7546","15046","0.3052023726587112","0.2913896441459656","0.315976619720459","","","","","",""
"4.84810856211871","","","","","","","","","","","","","11795","9995","13595","0.3737781598017766","0.36191317439079285","0.39027097821235657"
"4.8738358909229165","11297","7547","15047","0.1910031814701282","0.18642596900463104","0.19586849212646484","11297","7547","15047","0.30718414886639667","0.29313579201698303","0.3181400001049042","","","","","",""
"4.900238761711384","","","","","","","","","","","","","11796","9996","13596","0.3764732548823723","0.3643273413181305","0.39313170313835144"
"4.925139426616842","11298","7548","15048","0.19204597762570932","0.18739046156406403","0.1970544308423996","11298","7548","15048","0.3091597024064798","0.2948990762233734","0.3202916979789734","","","","","",""
"4.952368961304058","","","","","","","","","","","","","11797","9997","13597","0.37916061969903797","0.36673617362976074","0.3958965241909027"
"4.9764429623107675","11299","7549","15049","0.19308788272050711","0.1884080171585083","0.19818836450576782","11299","7549","15049","0.3111304036126687","0.2966420650482178","0.32239770889282227","","","","","",""
"5.004499160896732","","","","","","","","","","","","","11798","9998","13598","0.38184168820197767","0.36909225583076477","0.3986286222934723"
"5.027746498004693","11300","7550","15050","0.19412932673899028","0.18945829570293427","0.19946330785751343","11300","7550","15050","0.31309571403723496","0.2982560992240906","0.3245667815208435","","","","","",""
"5.056629360489406","","","","","","","","","","","","","11799","9999","13599","0.3845068904069754","0.37139892578125","0.40144088864326477"
"5.079050033698618","11301","7551","15051","0.19516642219745195","0.19053825736045837","0.2006351202726364","11301","7551","15051","0.3150531259866861","0.29998114705085754","0.326730340719223","","","","","",""
"5.108759560082081","","","","","","","","","","","","","11800","10000","13600","0.38717148624933684","0.37375113368034363","0.4041547477245331"
"5.160889759674755","","","","","","","","","","","","","11801","10001","13601","0.38984019366594463","0.37609440088272095","0.4068681001663208"