"time","S:forward_minus_0_4-OS:3-G:C2-H:30-EH:30_E-DAE-Obs_w:1.0-Orth_w:0.0-Act:ReLU-B:True-BN:False-LR:0.001-L:5-256_model.batch_size=512 system.max_epochs=400 system.terrain=uneven_easy system=mini_cheetah-c2 - _step","S:forward_minus_0_4-OS:3-G:C2-H:30-EH:30_E-DAE-Obs_w:1.0-Orth_w:0.0-Act:ReLU-B:True-BN:False-LR:0.001-L:5-256_model.batch_size=512 system.max_epochs=400 system.terrain=uneven_easy system=mini_cheetah-c2 - _step__MIN","S:forward_minus_0_4-OS:3-G:C2-H:30-EH:30_E-DAE-Obs_w:1.0-Orth_w:0.0-Act:ReLU-B:True-BN:False-LR:0.001-L:5-256_model.batch_size=512 system.max_epochs=400 system.terrain=uneven_easy system=mini_cheetah-c2 - _step__MAX","S:forward_minus_0_4-OS:3-G:C2-H:30-EH:30_E-DAE-Obs_w:1.0-Orth_w:0.0-Act:ReLU-B:True-BN:False-LR:0.001-L:5-256_model.batch_size=512 system.max_epochs=400 system.terrain=uneven_easy system=mini_cheetah-c2 - state_pred_loss_t/test","S:forward_minus_0_4-OS:3-G:C2-H:30-EH:30_E-DAE-Obs_w:1.0-Orth_w:0.0-Act:ReLU-B:True-BN:False-LR:0.001-L:5-256_model.batch_size=512 system.max_epochs=400 system.terrain=uneven_easy system=mini_cheetah-c2 - state_pred_loss_t/test__MIN","S:forward_minus_0_4-OS:3-G:C2-H:30-EH:30_E-DAE-Obs_w:1.0-Orth_w:0.0-Act:ReLU-B:True-BN:False-LR:0.001-L:5-256_model.batch_size=512 system.max_epochs=400 system.terrain=uneven_easy system=mini_cheetah-c2 - state_pred_loss_t/test__MAX","S:forward_minus_0_4-OS:3-G:K4-H:30-EH:30_E-DAE-Obs_w:1.0-Orth_w:0.0-Act:ReLU-B:True-BN:False-LR:0.001-L:5-256_model.batch_size=512 system.max_epochs=400 system.terrain=uneven_easy system=mini_cheetah-k4 - _step","S:forward_minus_0_4-OS:3-G:K4-H:30-EH:30_E-DAE-Obs_w:1.0-Orth_w:0.0-Act:ReLU-B:True-BN:False-LR:0.001-L:5-256_model.batch_size=512 system.max_epochs=400 system.terrain=uneven_easy system=mini_cheetah-k4 - _step__MIN","S:forward_minus_0_4-OS:3-G:K4-H:30-EH:30_E-DAE-Obs_w:1.0-Orth_w:0.0-Act:ReLU-B:True-BN:False-LR:0.001-L:5-256_model.batch_size=512 system.max_epochs=400 system.terrain=uneven_easy system=mini_cheetah-k4 - _step__MAX","S:forward_minus_0_4-OS:3-G:K4-H:30-EH:30_E-DAE-Obs_w:1.0-Orth_w:0.0-Act:ReLU-B:True-BN:False-LR:0.001-L:5-256_model.batch_size=512 system.max_epochs=400 system.terrain=uneven_easy system=mini_cheetah-k4 - state_pred_loss_t/test","S:forward_minus_0_4-OS:3-G:K4-H:30-EH:30_E-DAE-Obs_w:1.0-Orth_w:0.0-Act:ReLU-B:True-BN:False-LR:0.001-L:5-256_model.batch_size=512 system.max_epochs=400 system.terrain=uneven_easy system=mini_cheetah-k4 - state_pred_loss_t/test__MIN","S:forward_minus_0_4-OS:3-G:K4-H:30-EH:30_E-DAE-Obs_w:1.0-Orth_w:0.0-Act:ReLU-B:True-BN:False-LR:0.001-L:5-256_model.batch_size=512 system.max_epochs=400 system.terrain=uneven_easy system=mini_cheetah-k4 - state_pred_loss_t/test__MAX","S:forward_minus_0_4-OS:3-G:K4xC2-H:30-EH:30_E-DAE-Obs_w:1.0-Orth_w:0.0-Act:ReLU-B:True-BN:False-LR:0.001-L:5-256_model.batch_size=512 system.max_epochs=400 system.terrain=uneven_easy system=mini_cheetah - _step","S:forward_minus_0_4-OS:3-G:K4xC2-H:30-EH:30_E-DAE-Obs_w:1.0-Orth_w:0.0-Act:ReLU-B:True-BN:False-LR:0.001-L:5-256_model.batch_size=512 system.max_epochs=400 system.terrain=uneven_easy system=mini_cheetah - _step__MIN","S:forward_minus_0_4-OS:3-G:K4xC2-H:30-EH:30_E-DAE-Obs_w:1.0-Orth_w:0.0-Act:ReLU-B:True-BN:False-LR:0.001-L:5-256_model.batch_size=512 system.max_epochs=400 system.terrain=uneven_easy system=mini_cheetah - _step__MAX","S:forward_minus_0_4-OS:3-G:K4xC2-H:30-EH:30_E-DAE-Obs_w:1.0-Orth_w:0.0-Act:ReLU-B:True-BN:False-LR:0.001-L:5-256_model.batch_size=512 system.max_epochs=400 system.terrain=uneven_easy system=mini_cheetah - state_pred_loss_t/test","S:forward_minus_0_4-OS:3-G:K4xC2-H:30-EH:30_E-DAE-Obs_w:1.0-Orth_w:0.0-Act:ReLU-B:True-BN:False-LR:0.001-L:5-256_model.batch_size=512 system.max_epochs=400 system.terrain=uneven_easy system=mini_cheetah - state_pred_loss_t/test__MIN","S:forward_minus_0_4-OS:3-G:K4xC2-H:30-EH:30_E-DAE-Obs_w:1.0-Orth_w:0.0-Act:ReLU-B:True-BN:False-LR:0.001-L:5-256_model.batch_size=512 system.max_epochs=400 system.terrain=uneven_easy system=mini_cheetah - state_pred_loss_t/test__MAX","S:forward_minus_0_4-OS:3-G:K4xC2-H:30-EH:30_DAE-AUG-Obs_w:1.0-Orth_w:0.0-Act:ReLU-B:True-BN:False-LR:0.001-L:5-256_model.batch_size=512 system.max_epochs=400 system.terrain=uneven_easy system=mini_cheetah - _step","S:forward_minus_0_4-OS:3-G:K4xC2-H:30-EH:30_DAE-AUG-Obs_w:1.0-Orth_w:0.0-Act:ReLU-B:True-BN:False-LR:0.001-L:5-256_model.batch_size=512 system.max_epochs=400 system.terrain=uneven_easy system=mini_cheetah - _step__MIN","S:forward_minus_0_4-OS:3-G:K4xC2-H:30-EH:30_DAE-AUG-Obs_w:1.0-Orth_w:0.0-Act:ReLU-B:True-BN:False-LR:0.001-L:5-256_model.batch_size=512 system.max_epochs=400 system.terrain=uneven_easy system=mini_cheetah - _step__MAX","S:forward_minus_0_4-OS:3-G:K4xC2-H:30-EH:30_DAE-AUG-Obs_w:1.0-Orth_w:0.0-Act:ReLU-B:True-BN:False-LR:0.001-L:5-256_model.batch_size=512 system.max_epochs=400 system.terrain=uneven_easy system=mini_cheetah - state_pred_loss_t/test","S:forward_minus_0_4-OS:3-G:K4xC2-H:30-EH:30_DAE-AUG-Obs_w:1.0-Orth_w:0.0-Act:ReLU-B:True-BN:False-LR:0.001-L:5-256_model.batch_size=512 system.max_epochs=400 system.terrain=uneven_easy system=mini_cheetah - state_pred_loss_t/test__MIN","S:forward_minus_0_4-OS:3-G:K4xC2-H:30-EH:30_DAE-AUG-Obs_w:1.0-Orth_w:0.0-Act:ReLU-B:True-BN:False-LR:0.001-L:5-256_model.batch_size=512 system.max_epochs=400 system.terrain=uneven_easy system=mini_cheetah - state_pred_loss_t/test__MAX","S:forward_minus_0_4-OS:3-G:K4-H:30-EH:30_DAE-AUG-Obs_w:1.0-Orth_w:0.0-Act:ReLU-B:True-BN:False-LR:0.001-L:5-256_model.batch_size=512 system.max_epochs=400 system.terrain=uneven_easy system=mini_cheetah-k4 - _step","S:forward_minus_0_4-OS:3-G:K4-H:30-EH:30_DAE-AUG-Obs_w:1.0-Orth_w:0.0-Act:ReLU-B:True-BN:False-LR:0.001-L:5-256_model.batch_size=512 system.max_epochs=400 system.terrain=uneven_easy system=mini_cheetah-k4 - _step__MIN","S:forward_minus_0_4-OS:3-G:K4-H:30-EH:30_DAE-AUG-Obs_w:1.0-Orth_w:0.0-Act:ReLU-B:True-BN:False-LR:0.001-L:5-256_model.batch_size=512 system.max_epochs=400 system.terrain=uneven_easy system=mini_cheetah-k4 - _step__MAX","S:forward_minus_0_4-OS:3-G:K4-H:30-EH:30_DAE-AUG-Obs_w:1.0-Orth_w:0.0-Act:ReLU-B:True-BN:False-LR:0.001-L:5-256_model.batch_size=512 system.max_epochs=400 system.terrain=uneven_easy system=mini_cheetah-k4 - state_pred_loss_t/test","S:forward_minus_0_4-OS:3-G:K4-H:30-EH:30_DAE-AUG-Obs_w:1.0-Orth_w:0.0-Act:ReLU-B:True-BN:False-LR:0.001-L:5-256_model.batch_size=512 system.max_epochs=400 system.terrain=uneven_easy system=mini_cheetah-k4 - state_pred_loss_t/test__MIN","S:forward_minus_0_4-OS:3-G:K4-H:30-EH:30_DAE-AUG-Obs_w:1.0-Orth_w:0.0-Act:ReLU-B:True-BN:False-LR:0.001-L:5-256_model.batch_size=512 system.max_epochs=400 system.terrain=uneven_easy system=mini_cheetah-k4 - state_pred_loss_t/test__MAX","S:forward_minus_0_4-OS:3-G:C2-H:30-EH:30_DAE-AUG-Obs_w:1.0-Orth_w:0.0-Act:ReLU-B:True-BN:False-LR:0.001-L:5-256_model.batch_size=512 system.max_epochs=400 system.terrain=uneven_easy system=mini_cheetah-c2 - _step","S:forward_minus_0_4-OS:3-G:C2-H:30-EH:30_DAE-AUG-Obs_w:1.0-Orth_w:0.0-Act:ReLU-B:True-BN:False-LR:0.001-L:5-256_model.batch_size=512 system.max_epochs=400 system.terrain=uneven_easy system=mini_cheetah-c2 - _step__MIN","S:forward_minus_0_4-OS:3-G:C2-H:30-EH:30_DAE-AUG-Obs_w:1.0-Orth_w:0.0-Act:ReLU-B:True-BN:False-LR:0.001-L:5-256_model.batch_size=512 system.max_epochs=400 system.terrain=uneven_easy system=mini_cheetah-c2 - _step__MAX","S:forward_minus_0_4-OS:3-G:C2-H:30-EH:30_DAE-AUG-Obs_w:1.0-Orth_w:0.0-Act:ReLU-B:True-BN:False-LR:0.001-L:5-256_model.batch_size=512 system.max_epochs=400 system.terrain=uneven_easy system=mini_cheetah-c2 - state_pred_loss_t/test","S:forward_minus_0_4-OS:3-G:C2-H:30-EH:30_DAE-AUG-Obs_w:1.0-Orth_w:0.0-Act:ReLU-B:True-BN:False-LR:0.001-L:5-256_model.batch_size=512 system.max_epochs=400 system.terrain=uneven_easy system=mini_cheetah-c2 - state_pred_loss_t/test__MIN","S:forward_minus_0_4-OS:3-G:C2-H:30-EH:30_DAE-AUG-Obs_w:1.0-Orth_w:0.0-Act:ReLU-B:True-BN:False-LR:0.001-L:5-256_model.batch_size=512 system.max_epochs=400 system.terrain=uneven_easy system=mini_cheetah-c2 - state_pred_loss_t/test__MAX","S:forward_minus_0_4-OS:3-G:K4xC2-H:30-EH:30_DAE-Obs_w:1.0-Orth_w:0.0-Act:ReLU-B:True-BN:False-LR:0.001-L:5-256_model.batch_size=512 system.max_epochs=400 system.terrain=uneven_easy system=mini_cheetah - _step","S:forward_minus_0_4-OS:3-G:K4xC2-H:30-EH:30_DAE-Obs_w:1.0-Orth_w:0.0-Act:ReLU-B:True-BN:False-LR:0.001-L:5-256_model.batch_size=512 system.max_epochs=400 system.terrain=uneven_easy system=mini_cheetah - _step__MIN","S:forward_minus_0_4-OS:3-G:K4xC2-H:30-EH:30_DAE-Obs_w:1.0-Orth_w:0.0-Act:ReLU-B:True-BN:False-LR:0.001-L:5-256_model.batch_size=512 system.max_epochs=400 system.terrain=uneven_easy system=mini_cheetah - _step__MAX","S:forward_minus_0_4-OS:3-G:K4xC2-H:30-EH:30_DAE-Obs_w:1.0-Orth_w:0.0-Act:ReLU-B:True-BN:False-LR:0.001-L:5-256_model.batch_size=512 system.max_epochs=400 system.terrain=uneven_easy system=mini_cheetah - state_pred_loss_t/test","S:forward_minus_0_4-OS:3-G:K4xC2-H:30-EH:30_DAE-Obs_w:1.0-Orth_w:0.0-Act:ReLU-B:True-BN:False-LR:0.001-L:5-256_model.batch_size=512 system.max_epochs=400 system.terrain=uneven_easy system=mini_cheetah - state_pred_loss_t/test__MIN","S:forward_minus_0_4-OS:3-G:K4xC2-H:30-EH:30_DAE-Obs_w:1.0-Orth_w:0.0-Act:ReLU-B:True-BN:False-LR:0.001-L:5-256_model.batch_size=512 system.max_epochs=400 system.terrain=uneven_easy system=mini_cheetah - state_pred_loss_t/test__MAX"
"0","8664.952380952382","2542","14873","3.9096417966343107","0.37223270535469055","5.0280327796936035","11793.09090909091","5086","18318","0.7560396851463751","0.1980333924293518","1.3902395963668823","16763","10703","22823","0.2040465694920319","0.16003990173339844","0.27709710597991943","16763","10703","22823","0.7886045204430092","0.5642976760864258","1.1381369829177856","7312","6305","7895","1.7456623315811157","1.7097437381744385","1.7988767623901367","13349.064516129032","6305","20438","4.698598249545021","0.4538130462169647","6.430777072906494","14049.604838709678","2753","22823","5.197242939424131","0.37327107787132263","6.695474147796631"
"0.003","8665.952380952382","2543","14874","3.933855272474743","0.4059484601020813","5.051181793212891","11794.09090909091","5087","18319","0.8267797502604398","0.2569911777973175","1.4771273136138916","16764","10704","22824","0.2691638176215858","0.2220454216003418","0.3281150162220001","16764","10704","22824","0.8066650923432374","0.5966810584068298","1.1321778297424316","7313","6306","7896","1.7693345248699188","1.733910322189331","1.8214858770370483","13350.064516129032","6306","20439","4.7226675852171836","0.4728943407535553","6.462958812713623","14050.604838709678","2754","22824","5.191823097967332","0.400828093290329","6.673480033874512"
"0.006","8666.952380952382","2544","14875","3.9735427481077967","0.46205195784568787","5.0921196937561035","11795.09090909091","5088","18320","0.9010739597407255","0.3093425929546356","1.5601565837860107","16765","10705","22825","0.3213782703004232","0.26709702610969543","0.38796162605285645","16765","10705","22825","0.8340980723136808","0.6341387629508972","1.1533201932907104","7314","6307","7897","1.8057979047298431","1.7699025869369507","1.8564177751541138","13351.064516129032","6307","20440","4.760137018176817","0.5040291547775269","6.520658493041992","14051.604838709678","2755","22825","5.208557857140418","0.43354061245918274","6.6933207511901855"
"0.009000000000000001","8667.952380952382","2545","14876","4.017865640066919","0.503947913646698","5.148372650146484","11796.09090909091","5089","18321","0.9679772901264104","0.34094786643981934","1.653281331062317","16766","10706","22826","0.35730692835115807","0.29333245754241943","0.4343443512916565","16766","10706","22826","0.8587987164898616","0.6530596017837524","1.1696021556854248","7315","6308","7898","1.8428222835063934","1.805209994316101","1.8922185897827148","13352.064516129032","6308","20441","4.80307574570179","0.5296956300735474","6.5716872215271","14052.604838709678","2756","22826","5.2349489840769","0.46228012442588806","6.7214789390563965"
"0.012","8668.952380952382","2546","14877","4.062233870228131","0.5157601833343506","5.200888156890869","11797.09090909091","5090","18322","1.0269496007399126","0.36958399415016174","1.744299292564392","16767","10707","22827","0.38265489477936815","0.32862532138824463","0.46181562542915344","16767","10707","22827","0.8801289509709288","0.6723688840866089","1.191017746925354","7316","6309","7899","1.8762245178222656","1.8370587825775146","1.9247580766677856","13353.064516129032","6309","20442","4.848847106579812","0.5318613648414612","6.619411945343018","14053.604838709678","2757","22827","5.266014756454576","0.47165563702583313","6.7557454109191895"
"0.015","8669.952380952382","2547","14878","4.104193663313275","0.53566575050354","5.265163898468018","11798.09090909091","5091","18323","1.0784963992508976","0.3820101022720337","1.8120687007904053","16768","10708","22828","0.39969399135287215","0.3441425561904907","0.48053061962127686","16768","10708","22828","0.8970352596626049","0.6869028210639954","1.2031792402267456","7317","6310","7900","1.904054582118988","1.8636866807937622","1.9523653984069824","13354.064516129032","6310","20443","4.8953532956300245","0.5508617758750916","6.655304908752441","14054.604838709678","2758","22828","5.2988426418554395","0.4918542802333832","6.7965006828308105"
"0.018000000000000002","8670.952380952382","2548","14879","4.144806955541883","0.5663240551948547","5.331101417541504","11799.09090909091","5092","18324","1.12568929114125","0.4008404016494751","1.8943028450012207","16769","10709","22829","0.41264864057302475","0.3551676869392395","0.4875173270702362","16769","10709","22829","0.9099462770107316","0.699747622013092","1.2093491554260254","7318","6311","7901","1.9275090396404266","1.8856201171875","1.9762486219406128","13355.064516129032","6311","20444","4.9420823796141535","0.5811285972595215","6.679252624511719","14055.604838709678","2759","22829","5.331748653804103","0.5251864194869995","6.834988117218018"
"0.021","8671.952380952382","2549","14880","4.184871783568745","0.5780743956565857","5.395055770874023","11800.09090909091","5093","18325","1.1707392023368315","0.4024783670902252","1.983038067817688","16770","10710","22830","0.424784701590131","0.37179961800575256","0.49205341935157776","16770","10710","22830","0.9204492925143823","0.7125706076622009","1.2134935855865479","7319","6312","7902","1.9477176666259766","1.9035018682479858","1.9970163106918335","13356.064516129032","6312","20445","4.988485808814725","0.5979240536689758","6.699759483337402","14056.604838709678","2760","22830","5.363426214264285","0.5440403819084167","6.8644118309021"
"0.024","8672.952380952382","2550","14881","4.223967535864739","0.588271975517273","5.44867467880249","11801.09090909091","5094","18326","1.2126564789902081","0.4136793315410614","2.0670032501220703","16771","10711","22831","0.43575359026833277","0.3848736584186554","0.52104651927948","16771","10711","22831","0.9291750345288253","0.7256684899330139","1.2201013565063477","7320","6313","7903","1.965720921754837","1.918135643005371","2.0157666206359863","13357.064516129032","6313","20446","5.033682765499238","0.6021602153778076","6.720631122589111","14057.604838709678","2761","22831","5.39319336750815","0.5409449934959412","6.887307167053223"
"0.027","8673.952380952382","2551","14882","4.261528731102035","0.5960023999214172","5.5046539306640625","11802.09090909091","5095","18327","1.250487511808222","0.4189341962337494","2.1432149410247803","16772","10712","22832","0.44472017738877273","0.3972301483154297","0.5360989570617676","16772","10712","22832","0.9363962713538146","0.7392274141311646","1.2278097867965698","7321","6314","7904","1.9829813539981842","1.9312751293182373","2.0339019298553467","13358.064516129032","6314","20447","5.075835994655086","0.6150954961776733","6.737308025360107","14058.604838709678","2762","22832","5.420887075124249","0.5395033955574036","6.917783737182617"
"0.03","8674.952380952382","2552","14883","4.2981166279032115","0.6018893718719482","5.565878391265869","11803.09090909091","5096","18328","1.2858713567256927","0.4344855844974518","2.204456090927124","16773","10713","22833","0.45306650131213955","0.40347784757614136","0.5463878512382507","16773","10713","22833","0.9433482165743665","0.7426454424858093","1.2433161735534668","7322","6315","7905","2.0001916587352753","1.944822072982788","2.0513532161712646","13359.064516129032","6315","20448","5.113483791870456","0.624192476272583","6.760948181152344","14059.604838709678","2763","22833","5.447406297249179","0.5370095372200012","6.969038486480713"
"0.033","8675.952380952382","2553","14884","4.334131719101043","0.6030166149139404","5.6224365234375","11804.09090909091","5097","18329","1.3176936547864566","0.4432196021080017","2.246049404144287","16774","10714","22834","0.4620435973856507","0.41545456647872925","0.5472207069396973","16774","10714","22834","0.9506831354484325","0.7496876120567322","1.2577235698699951","7323","6316","7906","2.0183359682559967","1.9607003927230835","2.073669672012329","13360.064516129032","6316","20449","5.145656790944837","0.6294518113136292","6.783536434173584","14060.604838709678","2764","22834","5.4727628235855414","0.5459378957748413","7.011812686920166"
"0.036000000000000004","8676.952380952382","2554","14885","4.3703955589305785","0.6135201454162598","5.671131610870361","11805.09090909091","5098","18330","1.3464618596163662","0.4505227208137512","2.2848548889160156","16775","10715","22835","0.4706230879556842","0.42134255170822144","0.5579521059989929","16775","10715","22835","0.9584630367959418","0.758162796497345","1.251477837562561","7324","6317","7907","2.036774158477783","1.9780915975570679","2.0973854064941406","13361.064516129032","6317","20450","5.172951029673699","0.6427990198135376","6.812764644622803","14061.604838709678","2765","22835","5.496761456612618","0.5576637387275696","7.05128288269043"
"0.039","8677.952380952382","2555","14886","4.408128883867037","0.6275413632392883","5.717167854309082","11806.09090909091","5099","18331","1.3758467002348467","0.4607366621494293","2.3330464363098145","16776","10716","22836","0.4802744928293112","0.42502179741859436","0.560386061668396","16776","10716","22836","0.9671666095169579","0.7727138996124268","1.249023675918579","7325","6318","7908","2.055514931678772","1.9963304996490479","2.120171546936035","13362.064516129032","6318","20451","5.195268795855584","0.6549986600875854","6.843346118927002","14062.604838709678","2766","22836","5.5198705941438675","0.569097638130188","7.083361625671387"
"0.042","8678.952380952382","2556","14887","4.447007157972881","0.6414969563484192","5.766475677490234","11807.09090909091","5100","18332","1.4050957079638133","0.4739314019680023","2.393256425857544","16777","10717","22837","0.4891807133468186","0.435855895280838","0.5726273655891418","16777","10717","22837","0.9748567182843279","0.7885409593582153","1.2429335117340088","7326","6319","7909","2.074305295944214","2.014087438583374","2.1418864727020264","13363.064516129032","6319","20452","5.212018068278989","0.6678230166435242","6.863922119140625","14063.604838709678","2767","22837","5.541311581288615","0.5857804417610168","7.117720603942871"
"0.045","8679.952380952382","2557","14888","4.486587435007095","0.6557468771934509","5.815994739532471","11808.09090909091","5101","18333","1.4361203820867972","0.4775623381137848","2.460071086883545","16778","10718","22838","0.4994405242728024","0.4330105185508728","0.5825619101524353","16778","10718","22838","0.983592597813141","0.800048828125","1.2456233501434326","7327","6320","7910","2.0927268266677856","2.0305755138397217","2.1624927520751953","13364.064516129032","6320","20453","5.22562882015782","0.6779596209526062","6.901193618774414","14064.604838709678","2768","22838","5.560911234348051","0.6047725677490234","7.1491780281066895"
"0.048","8680.952380952382","2558","14889","4.524739772081375","0.6738563179969788","5.874349594116211","11809.09090909091","5102","18334","1.4664933146400885","0.47534817457199097","2.517083168029785","16779","10719","22839","0.5088147848117642","0.43890833854675293","0.5871247053146362","16779","10719","22839","0.9916281158604273","0.8043253421783447","1.2537519931793213","7328","6321","7911","2.1106147170066833","2.04613995552063","2.18198299407959","13365.064516129032","6321","20454","5.235617518424988","0.6873114705085754","6.928467273712158","14065.604838709678","2769","22839","5.578995291744509","0.6246570944786072","7.1795878410339355"
"0.051000000000000004","8681.952380952382","2559","14890","4.561056725326038","0.6872746348381042","5.950771808624268","11810.09090909091","5103","18335","1.496294723992998","0.48403117060661316","2.568577766418457","16780","10720","22840","0.5182355575081778","0.43850401043891907","0.6039173007011414","16780","10720","22840","0.9992966401140865","0.7808309197425842","1.2650316953659058","7329","6322","7912","2.1278603076934814","2.06115460395813","2.2007241249084473","13366.064516129032","6322","20455","5.243115184768554","0.6967822313308716","6.952900409698486","14066.604838709678","2770","22840","5.597684305521749","0.6363325715065002","7.203888893127441"
"0.054","8682.952380952382","2560","14891","4.595774395834832","0.6980477571487427","6.014934539794922","11811.09090909091","5104","18336","1.5259971977634863","0.49677208065986633","2.612300157546997","16781","10721","22841","0.5280594876626643","0.45582520961761475","0.6089370846748352","16781","10721","22841","1.0071270247785056","0.7857979536056519","1.2662979364395142","7330","6323","7913","2.1441996693611145","2.0749711990356445","2.2187676429748535","13367.064516129032","6323","20456","5.249417253559636","0.7074120044708252","6.972010612487793","14067.604838709678","2771","22841","5.618910570779154","0.6395341753959656","7.228153228759766"
"0.057","8683.952380952382","2561","14892","4.6291885893969305","0.7091480493545532","6.079670429229736","11812.09090909091","5105","18337","1.5548486790873788","0.503313422203064","2.640223264694214","16782","10722","22842","0.5364318971590298","0.4541860818862915","0.610519528388977","16782","10722","22842","1.0147224243094282","0.8225603103637695","1.2763087749481201","7331","6324","7914","2.1599687933921814","2.088135004043579","2.2359962463378906","13368.064516129032","6324","20457","5.25720963074315","0.7231675982475281","6.976701736450195","14068.604838709678","2772","22842","5.642340763441978","0.6485345363616943","7.247132301330566"
"0.06","8684.952380952382","2562","14893","4.661057269998959","0.7160137891769409","6.157649993896484","11813.09090909091","5106","18338","1.5833490274169228","0.5078836679458618","2.673938751220703","16783","10723","22843","0.544751355379093","0.4479014277458191","0.6185258626937866","16783","10723","22843","1.0218027768338598","0.8201265931129456","1.2920258045196533","7332","6325","7915","2.175645589828491","2.101745128631592","2.252624273300171","13369.064516129032","6325","20458","5.267871195270169","0.7241064310073853","6.981075286865234","14069.604838709678","2773","22843","5.666757558622668","0.6521680951118469","7.257870197296143"
"0.063","8685.952380952382","2563","14894","4.69123870631059","0.7218682169914246","6.221295356750488","11814.09090909091","5107","18339","1.6102132296020335","0.5152899622917175","2.707719087600708","16784","10724","22844","0.5531538770329661","0.4522348940372467","0.633671224117279","16784","10724","22844","1.0277450971487092","0.829273521900177","1.301957607269287","7333","6326","7916","2.191485345363617","2.116185188293457","2.2698678970336914","13370.064516129032","6326","20459","5.281664500794103","0.7261273860931396","6.9753289222717285","14070.604838709678","2774","22844","5.691433060073083","0.6650863289833069","7.275960922241211"
"0.066","8686.952380952382","2564","14895","4.718473939668565","0.7337672710418701","6.286262512207031","11815.09090909091","5108","18340","1.6346415714784102","0.5258972644805908","2.7484822273254395","16785","10725","22845","0.5601111715886651","0.42855125665664673","0.6425747871398926","16785","10725","22845","1.0324341934628603","0.8386868238449097","1.3142963647842407","7334","6327","7917","2.207594335079193","2.1313209533691406","2.2880043983459473","13371.064516129032","6327","20460","5.295899085460171","0.7337010502815247","6.9842095375061035","14071.604838709678","2775","22845","5.714227621593783","0.6833993792533875","7.289325714111328"
"0.069","8687.952380952382","2565","14896","4.743690660312062","0.7383947968482971","6.32964563369751","11816.09090909091","5109","18341","1.6561145809563724","0.5352669954299927","2.783539295196533","16786","10726","22846","0.5674857331848726","0.4564977288246155","0.6518092751502991","16786","10726","22846","1.037901090776048","0.8477621674537659","1.3230146169662476","7335","6328","7918","2.224014639854431","2.1469032764434814","2.3068811893463135","13372.064516129032","6328","20461","5.310710147984566","0.7382882237434387","7.017467021942139","14072.604838709678","2776","22846","5.735979977153963","0.6973049640655518","7.302645683288574"
"0.07200000000000001","8688.952380952382","2566","14897","4.7665085927361535","0.7409077286720276","6.3709588050842285","11817.09090909091","5110","18342","1.6751800260760568","0.540102481842041","2.820855140686035","16787","10727","22847","0.5737802001034341","0.4619380235671997","0.6462082266807556","16787","10727","22847","1.0434418077149041","0.8508119583129883","1.3202074766159058","7336","6329","7919","2.240551471710205","2.162071943283081","2.3265788555145264","13373.064516129032","6329","20462","5.327047058170842","0.7415505051612854","7.054320812225342","14073.604838709678","2777","22847","5.756560300627062","0.7055400609970093","7.325100898742676"
"0.075","8689.952380952382","2567","14898","4.787318204840024","0.7501236796379089","6.3992509841918945","11818.09090909091","5111","18343","1.692412868142128","0.5427117347717285","2.851593255996704","16788","10728","22848","0.5810608058804418","0.475475549697876","0.6573512554168701","16788","10728","22848","1.0483746037977497","0.8473498821258545","1.3235113620758057","7337","6330","7920","2.2570428252220154","2.1768181324005127","2.346639633178711","13374.064516129032","6330","20463","5.343823181044671","0.7550644278526306","7.091037750244141","14074.604838709678","2778","22848","5.7761162466579865","0.7146109938621521","7.333889007568359"
"0.078","8690.952380952382","2568","14899","4.806011285100665","0.7533493041992188","6.428527355194092","11819.09090909091","5112","18344","1.7071891765702853","0.5606443881988525","2.871286153793335","16789","10729","22849","0.5887518043561679","0.4890858829021454","0.662415623664856","16789","10729","22849","1.0529039676596479","0.8479610085487366","1.3227334022521973","7338","6331","7921","2.2737607955932617","2.191786766052246","2.3665964603424072","13375.064516129032","6331","20464","5.35913193850748","0.7692700028419495","7.1434125900268555","14075.604838709678","2779","22849","5.7947053851619845","0.7260131239891052","7.332369804382324"
"0.081","8691.952380952382","2569","14900","4.823536035560426","0.759259045124054","6.451078414916992","11820.09090909091","5113","18345","1.7200935889374127","0.5643711686134338","2.8849475383758545","16790","10730","22850","0.5972352093312798","0.4925061762332916","0.6752609014511108","16790","10730","22850","1.0568627486141717","0.8458030819892883","1.340551495552063","7339","6332","7922","2.2910377979278564","2.207584857940674","2.3863651752471924","13376.064516129032","6332","20465","5.372067729311604","0.7801233530044556","7.170090198516846","14076.604838709678","2780","22850","5.811747339464003","0.729361355304718","7.332424640655518"
"0.084","8692.952380952382","2570","14901","4.841008057906514","0.7696646451950073","6.4722676277160645","11821.09090909091","5114","18346","1.732757873155854","0.5652008652687073","2.8968446254730225","16791","10731","22851","0.6077465011579234","0.5306942462921143","0.6902506351470947","16791","10731","22851","1.0621304330302448","0.8600381016731262","1.359561800956726","7340","6333","7923","2.3091583847999573","2.2246196269989014","2.4058890342712402","13377.064516129032","6333","20466","5.38234632245956","0.7862229347229004","7.182199478149414","14077.604838709678","2781","22851","5.826986498409702","0.7259165048599243","7.335113525390625"
"0.08700000000000001","8693.952380952382","2571","14902","4.858714162593796","0.778435468673706","6.4785637855529785","11822.09090909091","5115","18347","1.7462285459041595","0.5713258385658264","2.919656276702881","16792","10732","22852","0.6190360882660237","0.5240533947944641","0.6963099837303162","16792","10732","22852","1.0686627411987724","0.866301953792572","1.379307508468628","7341","6334","7924","2.328356981277466","2.243109941482544","2.4254465103149414","13378.064516129032","6334","20467","5.391218866071394","0.7985559701919556","7.178008079528809","14078.604838709678","2782","22852","5.840854955296362","0.7310065627098083","7.333296775817871"
"0.09","8694.952380952382","2572","14903","4.87695032783917","0.7926331758499146","6.483717918395996","11823.09090909091","5116","18348","1.7626655765555121","0.59993976354599","2.948762893676758","16793","10733","22853","0.6346960634720035","0.5688056349754333","0.7155442237854004","16793","10733","22853","1.0777706256726893","0.8731377720832825","1.389939308166504","7342","6335","7925","2.3482865691184998","2.2625021934509277","2.445216417312622","13379.064516129032","6335","20468","5.398699767166568","0.8056463599205017","7.164430141448975","14079.604838709678","2783","22853","5.85381089775793","0.7244981527328491","7.324282646179199"
"0.093","8695.952380952382","2573","14904","4.894950528229986","0.808672308921814","6.480280876159668","11824.09090909091","5117","18349","1.7796954417770559","0.6294739842414856","2.9776434898376465","16794","10734","22854","0.6527988227402292","0.5961437225341797","0.7321587204933167","16794","10734","22854","1.08790023624897","0.8794324994087219","1.399969220161438","7343","6336","7926","2.3684744238853455","2.281826972961426","2.465200424194336","13380.064516129032","6336","20469","5.404771245295001","0.8224515318870544","7.147862911224365","14080.604838709678","2784","22854","5.8654134143744745","0.7313434481620789","7.357755661010742"
"0.096","8696.952380952382","2574","14905","4.9122475279229025","0.8132748603820801","6.490238666534424","11825.09090909091","5118","18350","1.7960642765868793","0.649634063243866","3.0018527507781982","16795","10735","22855","0.6717352587275389","0.606907308101654","0.7454294562339783","16795","10735","22855","1.0982141952689102","0.874334990978241","1.406070351600647","7344","6337","7927","2.3887600898742676","2.3007400035858154","2.485501527786255","13381.064516129032","6337","20470","5.409614418302813","0.821662425994873","7.118619441986084","14081.604838709678","2785","22855","5.875540097394297","0.7302058935165405","7.3860015869140625"
"0.099","8697.952380952382","2575","14906","4.929752031962077","0.8201409578323364","6.495088577270508","11826.09090909091","5119","18351","1.8133471283045681","0.6667479276657104","3.0160369873046875","16796","10736","22856","0.6919717937707901","0.6179168820381165","0.7764007449150085","16796","10736","22856","1.1099975676071354","0.8840696215629578","1.4266550540924072","7345","6338","7928","2.408605456352234","2.3185107707977295","2.5054802894592285","13382.064516129032","6338","20471","5.413706335809923","0.8387200832366943","7.0946173667907715","14082.604838709678","2786","22856","5.885374058158167","0.7485135793685913","7.412843704223633"
"0.10200000000000001","8698.952380952382","2576","14907","4.9464103018953685","0.8321245312690735","6.491635799407959","11827.09090909091","5120","18352","1.8306789371100338","0.6700093746185303","3.033374071121216","16797","10737","22857","0.7122592290000218","0.6219717860221863","0.7960795164108276","16797","10737","22857","1.1216793321981662","0.8986899256706238","1.4487215280532837","7346","6339","7929","2.4280322790145874","2.33524227142334","2.5250487327575684","13383.064516129032","6339","20472","5.416063350054525","0.8395287394523621","7.090685844421387","14083.604838709678","2787","22857","5.894025241175005","0.7443554401397705","7.433790683746338"
"0.105","8699.952380952382","2577","14908","4.9626685835066295","0.8422334790229797","6.4855828285217285","11828.09090909091","5121","18353","1.849280509081754","0.6969227194786072","3.0511298179626465","16798","10738","22858","0.7350486433360635","0.6476625800132751","0.817886233329773","16798","10738","22858","1.1349451091231368","0.9118661880493164","1.4665613174438477","7347","6340","7930","2.447386920452118","2.3517940044403076","2.5442585945129395","13384.064516129032","6340","20473","5.417538699123167","0.846854567527771","7.074628829956055","14084.604838709678","2788","22858","5.901811705000939","0.7418216466903687","7.443560600280762"
"0.108","8700.952380952382","2578","14909","4.978430708958989","0.8619237542152405","6.471113681793213","11829.09090909091","5122","18354","1.8689544526013462","0.7302520871162415","3.0645864009857178","16799","10739","22859","0.7580947352618705","0.6700041890144348","0.8533141613006592","16799","10739","22859","1.1488104317246415","0.9261053800582886","1.4920525550842285","7348","6341","7931","2.4673227071762085","2.369586229324341","2.5634686946868896","13385.064516129032","6341","20474","5.418227442810612","0.8641475439071655","7.058271884918213","14085.604838709678","2789","22859","5.909424104517506","0.7539389133453369","7.450713634490967"
"0.111","8701.952380952382","2579","14910","4.993608319333622","0.876788318157196","6.468700885772705","11830.09090909091","5123","18355","1.8902090218934147","0.7536594271659851","3.0940463542938232","16800","10740","22860","0.7809918184832829","0.6876422166824341","0.889122724533081","16800","10740","22860","1.1641179377712854","0.930548906326294","1.5203032493591309","7349","6342","7932","2.488143026828766","2.3888638019561768","2.583138942718506","13386.064516129032","6342","20475","5.41849236911343","0.877101719379425","7.057338714599609","14086.604838709678","2790","22860","5.917212352637322","0.7491427063941956","7.450324058532715"
"0.114","8702.952380952382","2580","14911","5.0079343020915985","0.8993520140647888","6.475533485412598","11831.09090909091","5124","18356","1.911550590937788","0.7703526616096497","3.122631072998047","16801","10741","22861","0.8039141057468042","0.705539345741272","0.9264259934425354","16801","10741","22861","1.180228904616542","0.9266372323036194","1.5529370307922363","7350","6343","7933","2.5101417303085327","2.409801721572876","2.604238271713257","13387.064516129032","6343","20476","5.418021410222976","0.8876762390136719","7.068836212158203","14087.604838709678","2791","22861","5.925323158502579","0.7606091499328613","7.440080642700195"
"0.117","8703.952380952382","2581","14912","5.021178860749517","0.9159074425697327","6.478379726409912","11832.09090909091","5125","18357","1.93161472000859","0.7900838851928711","3.1502845287323","16802","10742","22862","0.8267770307820018","0.7286477088928223","0.9512824416160583","16802","10742","22862","1.1966790556907654","0.9337236881256104","1.574312448501587","7351","6344","7934","2.5329180359840393","2.4317479133605957","2.6267991065979004","13388.064516129032","6344","20477","5.416749711959593","0.8955387473106384","7.078378200531006","14088.604838709678","2792","22862","5.933275919768118","0.7775372862815857","7.427860260009766"
"0.12","8704.952380952382","2582","14913","5.033984202004614","0.9262624382972717","6.46746301651001","11833.09090909091","5126","18358","1.9521885500712828","0.808631181716919","3.1799747943878174","16803","10743","22863","0.8499335493983292","0.749382734298706","0.965977668762207","16803","10743","22863","1.2139591345699823","0.9501824378967285","1.5884157419204712","7352","6345","7935","2.5564293265342712","2.4547014236450195","2.6508941650390625","13389.064516129032","6345","20478","5.416475346972866","0.8928281664848328","7.076193332672119","14089.604838709678","2793","22863","5.940974329267779","0.7906507849693298","7.409030437469482"
"0.123","8705.952380952382","2583","14914","5.0460769193513055","0.9400848150253296","6.467444896697998","11834.09090909091","5127","18359","1.974316876042973","0.8242114782333374","3.207878828048706","16804","10744","22864","0.8751717838572293","0.7691468596458435","1.0006102323532104","16804","10744","22864","1.2324221163261226","0.9570867419242859","1.6162395477294922","7353","6346","7936","2.5807966589927673","2.4794015884399414","2.6766531467437744","13390.064516129032","6346","20479","5.417420962645162","0.9023616909980774","7.063934326171875","14090.604838709678","2794","22864","5.948346957564354","0.8001208901405334","7.423709869384766"
"0.126","8706.952380952382","2584","14915","5.057372513981092","0.9688399434089661","6.458324432373047","11835.09090909091","5128","18360","1.9989786364815452","0.8360708355903625","3.2409186363220215","16805","10745","22865","0.9010950832105264","0.7889155745506287","1.030941367149353","16805","10745","22865","1.2522006107539665","0.9793012142181396","1.642302393913269","7354","6347","7937","2.60546338558197","2.5053932666778564","2.7034530639648438","13391.064516129032","6347","20480","5.420449194888914","0.9210243225097656","7.054092884063721","14091.604838709678","2795","22865","5.9560697319046145","0.8194904923439026","7.448879718780518"
"0.129","8707.952380952382","2585","14916","5.066842245913687","0.997075617313385","6.447706699371338","11836.09090909091","5129","18361","2.024389627304944","0.8572800159454346","3.270249605178833","16806","10746","22866","0.9267142505907431","0.8181201815605164","1.0669658184051514","16806","10746","22866","1.2721351301524697","0.9936296343803406","1.6678112745285034","7355","6348","7938","2.6293466091156006","2.5312821865081787","2.730013370513916","13392.064516129032","6348","20481","5.424855791272655","0.9417764544487","7.035459995269775","14092.604838709678","2796","22866","5.963716226720041","0.8328582644462585","7.475694179534912"
"0.132","8708.952380952382","2586","14917","5.075054882537751","1.0097160339355469","6.470654487609863","11837.09090909091","5130","18362","2.0485929128798572","0.8718805313110352","3.300044298171997","16807","10747","22867","0.9516479463838949","0.8555650115013123","1.0942720174789429","16807","10747","22867","1.2907554274652062","1.0073001384735107","1.6899727582931519","7356","6349","7939","2.6509578227996826","2.555387496948242","2.7547152042388916","13393.064516129032","6349","20482","5.43024498704941","0.9530430436134338","7.02335262298584","14093.604838709678","2797","22867","5.971769719354568","0.8350737690925598","7.513505458831787"
"0.135","8709.952380952382","2587","14918","5.082409088100706","1.0233851671218872","6.508327960968018","11838.09090909091","5131","18363","2.0704215480522676","0.8929854035377502","3.3162076473236084","16808","10748","22868","0.9749313240371099","0.8839700818061829","1.1232578754425049","16808","10748","22868","1.3069578169322595","1.0099705457687378","1.7173914909362793","7357","6350","7940","2.669591546058655","2.576385498046875","2.7769649028778076","13394.064516129032","6350","20483","5.436203170207239","0.9645646810531616","7.010189533233643","14094.604838709678","2798","22868","5.980261515225133","0.8557509183883667","7.544980049133301"
"0.138","8710.952380952382","2588","14919","5.089376510608764","1.0405473709106445","6.549008369445801","11839.09090909091","5132","18364","2.088267358866605","0.9189038276672363","3.3310422897338867","16809","10749","22869","0.9978348242073525","0.9098452925682068","1.1475683450698853","16809","10749","22869","1.321806204028246","1.0103704929351807","1.729811191558838","7358","6351","7941","2.685257375240326","2.5935380458831787","2.7968170642852783","13395.064516129032","6351","20484","5.442981006637696","0.979611873626709","7.0244975090026855","14095.604838709678","2799","22869","5.988595326100627","0.8625425100326538","7.576414585113525"
"0.14100000000000001","8711.952380952382","2589","14920","5.095964392026265","1.0569134950637817","6.581417083740234","11840.09090909091","5133","18365","2.099716278639707","0.9329501986503601","3.3462154865264893","16810","10750","22870","1.0205653611479737","0.9272434711456299","1.1631594896316528","16810","10750","22870","1.3355776187850208","1.007786512374878","1.738153338432312","7359","6352","7942","2.698580026626587","2.6067535877227783","2.815047025680542","13396.064516129032","6352","20485","5.450321310470181","0.9897130131721497","7.037942409515381","14096.604838709678","2800","22870","5.996613459241006","0.8698438405990601","7.586130142211914"
"0.14400000000000002","8712.952380952382","2590","14921","5.101866716430301","1.0617586374282837","6.581786632537842","11841.09090909091","5134","18366","2.103474794463678","0.9538372755050659","3.3431127071380615","16811","10751","22871","1.0418887519981803","0.955238938331604","1.1809848546981812","16811","10751","22871","1.3480900191679233","1.0342092514038086","1.750600814819336","7360","6353","7943","2.7101833820343018","2.61663556098938","2.8322806358337402","13397.064516129032","6353","20486","5.456691139167355","0.9895941019058228","7.036618232727051","14097.604838709678","2801","22871","6.003286121353026","0.8784570693969727","7.565284729003906"
"0.147","8713.952380952382","2591","14922","5.1082975679919835","1.0729849338531494","6.600502014160156","11842.09090909091","5135","18367","2.1011942340569063","0.967776358127594","3.329061269760132","16812","10752","22872","1.0623861260530425","0.9738524556159973","1.1933656930923462","16812","10752","22872","1.3622269259720314","1.0472558736801147","1.7652668952941895","7361","6354","7944","2.7205408811569214","2.6240015029907227","2.8488662242889404","13398.064516129032","6354","20487","5.462497610718973","0.9920448660850525","7.06893253326416","14098.604838709678","2802","22872","6.009693361097766","0.8804437518119812","7.565393447875977"
"0.15","8714.952380952382","2592","14923","5.114820935896465","1.0855952501296997","6.626743793487549","11843.09090909091","5136","18368","2.095655643127181","0.9726207852363586","3.3049747943878174","16813","10753","22873","1.081726097842542","0.9934784770011902","1.2090023756027222","16813","10753","22873","1.3777718136950237","1.0608512163162231","1.7943596839904785","7362","6355","7945","2.7297932505607605","2.629270076751709","2.8649415969848633","13399.064516129032","6355","20488","5.468695479535287","0.9891223311424255","7.0983567237854","14099.604838709678","2803","22873","6.015933611219929","0.8914074897766113","7.581135272979736"
"0.153","8715.952380952382","2593","14924","5.12049533923467","1.1005936861038208","6.649007797241211","11844.09090909091","5137","18369","2.089560862291943","0.9771950840950012","3.2784016132354736","16814","10754","22874","1.0996755267061837","1.0002686977386475","1.2329832315444946","16814","10754","22874","1.3940979213249394","1.0644351243972778","1.8183246850967407","7363","6356","7946","2.7380473017692566","2.633345603942871","2.8797781467437744","13400.064516129032","6356","20489","5.474831069669416","0.9943867921829224","7.121856212615967","14100.604838709678","2804","22874","6.021404775880998","0.898478627204895","7.599745273590088"
"0.156","8716.952380952382","2594","14925","5.125014214288621","1.1192837953567505","6.6596903800964355","11845.09090909091","5138","18370","2.0850006423213263","0.9874128103256226","3.2591090202331543","16815","10755","22875","1.115924760335829","1.0070217847824097","1.240173101425171","16815","10755","22875","1.4100466901209296","1.075767993927002","1.8602252006530762","7364","6357","7947","2.745648205280304","2.6368601322174072","2.8929569721221924","13401.064516129032","6357","20490","5.480749528254232","1.0044633150100708","7.1533122062683105","14101.604838709678","2805","22875","6.026180480276385","0.8945216536521912","7.628335952758789"
"0.159","8717.952380952382","2595","14926","5.128627757231395","1.119974136352539","6.669119834899902","11846.09090909091","5139","18371","2.085459614341909","0.9997713565826416","3.2553672790527344","16816","10756","22876","1.1346661695619908","1.0230993032455444","1.260886788368225","16816","10756","22876","1.427115137984113","1.0715646743774414","1.8998914957046509","7365","6358","7948","2.7529568672180176","2.6402525901794434","2.904463529586792","13402.064516129032","6358","20491","5.486630152310094","1.000016689300537","7.1748456954956055","14102.604838709678","2806","22876","6.030857713953141","0.901506245136261","7.669166088104248"
"0.162","8718.952380952382","2596","14927","5.13050839304924","1.1288281679153442","6.6663079261779785","11847.09090909091","5140","18372","2.0879757079211148","1.0124191045761108","3.2430758476257324","16817","10757","22877","1.1544675172829046","1.049727439880371","1.2992699146270752","16817","10757","22877","1.4440008903422006","1.0789964199066162","1.9427189826965332","7366","6359","7949","2.760646879673004","2.6442854404449463","2.9149107933044434","13403.064516129032","6359","20492","5.491950361959396","1.0033615827560425","7.190860748291016","14103.604838709678","2807","22877","6.036247307735104","0.914866030216217","7.712742805480957"
"0.165","8719.952380952382","2597","14928","5.130831654582705","1.1453230381011963","6.680610179901123","11848.09090909091","5141","18373","2.091708551753651","1.0273654460906982","3.232990026473999","16818","10758","22878","1.174569943329183","1.0705825090408325","1.3847076892852783","16818","10758","22878","1.4628789606617718","1.0981537103652954","1.9717870950698853","7367","6360","7950","2.7686710953712463","2.6493844985961914","2.924349069595337","13404.064516129032","6360","20493","5.498053056578482","1.0173321962356567","7.2027506828308105","14104.604838709678","2808","22878","6.043025649843678","0.9102526307106018","7.7709150314331055"
"0.168","8720.952380952382","2598","14929","5.1282707168942405","1.1533308029174805","6.666550636291504","11849.09090909091","5142","18374","2.0922259498726237","1.0314465761184692","3.218170404434204","16819","10759","22879","1.1930731549495603","1.0782524347305298","1.450536847114563","16819","10759","22879","1.482646266134774","1.1111639738082886","2.0167734622955322","7368","6361","7951","2.7760562896728516","2.654888868331909","2.9311587810516357","13405.064516129032","6361","20494","5.504233756373005","1.019106149673462","7.208252906799316","14105.604838709678","2809","22879","6.049509299378241","0.9074101448059082","7.808716297149658"
"0.171","8721.952380952382","2599","14930","5.122949580351512","1.1651935577392578","6.6430583000183105","11850.09090909091","5143","18375","2.0891416397961704","1.039194941520691","3.1971278190612793","16820","10760","22880","1.2087283752313474","1.0918095111846924","1.4433796405792236","16820","10760","22880","1.5014166264999202","1.1328539848327637","2.064112663269043","7369","6362","7952","2.7815533876419067","2.6595890522003174","2.9345669746398926","13406.064516129032","6362","20495","5.509042510101872","1.0242869853973389","7.208943843841553","14106.604838709678","2810","22880","6.05459288339461","0.9038925766944885","7.834205150604248"
"0.17400000000000002","8722.952380952382","2600","14931","5.115241680826459","1.180295467376709","6.618039608001709","11851.09090909091","5144","18376","2.0882565677165985","1.0531061887741089","3.183558702468872","16821","10761","22881","1.2227760902265223","1.1267369985580444","1.409525990486145","16821","10761","22881","1.5193000501248894","1.15938138961792","2.1141433715820312","7370","6363","7953","2.784542739391327","2.6631436347961426","2.9343061447143555","13407.064516129032","6363","20496","5.512069207045339","1.0431890487670898","7.2139787673950195","14107.604838709678","2811","22881","6.056632657685587","0.9180320501327515","7.843787670135498"
"0.177","8723.952380952382","2601","14932","5.106490226018996","1.171290397644043","6.596259593963623","11852.09090909091","5145","18377","2.09657803719694","1.0649651288986206","3.1884708404541016","16822","10762","22882","1.2340756792847702","1.135532259941101","1.3958321809768677","16822","10762","22882","1.5355591701298226","1.1543724536895752","2.1632561683654785","7371","6364","7954","2.7847326397895813","2.6652019023895264","2.9305098056793213","13408.064516129032","6364","20497","5.513446042614598","1.0362640619277954","7.224717617034912","14108.604838709678","2812","22882","6.054857722693874","0.917125403881073","7.844155788421631"
"0.18","8724.952380952382","2602","14933","5.0973116258780165","1.1741472482681274","6.571357250213623","11853.09090909091","5146","18378","2.111017178405415","1.079225778579712","3.207767963409424","16823","10763","22883","1.2421703295009892","1.138121485710144","1.3628745079040527","16823","10763","22883","1.549939951518687","1.1575865745544434","2.2150845527648926","7372","6365","7955","2.7822858095169067","2.6654655933380127","2.9241979122161865","13409.064516129032","6365","20498","5.5124314436989446","1.0337061882019043","7.2278733253479","14109.604838709678","2813","22883","6.049613854096782","0.9221571683883667","7.8341779708862305"
"0.183","8725.952380952382","2603","14934","5.0884150465329485","1.187184453010559","6.537288188934326","11854.09090909091","5147","18379","2.1290959228168833","1.08400297164917","3.230842351913452","16824","10764","22884","1.2491168416127927","1.1455497741699219","1.3696563243865967","16824","10764","22884","1.5639550874872905","1.1711256504058838","2.2634196281433105","7373","6366","7956","2.7781688570976257","2.6643929481506348","2.9171130657196045","13410.064516129032","6366","20499","5.509283690683303","1.0389807224273682","7.235401153564453","14110.604838709678","2814","22884","6.042304020735525","0.9240776300430298","7.834610939025879"
"0.186","8726.952380952382","2604","14935","5.08139908455667","1.195040225982666","6.529727935791016","11855.09090909091","5148","18380","2.1483366137201134","1.0960445404052734","3.26240873336792","16825","10765","22885","1.256372166842949","1.14816415309906","1.3735911846160889","16825","10765","22885","1.5791771375551455","1.1717116832733154","2.299673080444336","7374","6367","7957","2.773878037929535","2.663245916366577","2.911219358444214","13411.064516129032","6367","20500","5.5048098496852385","1.0409034490585327","7.245347023010254","14111.604838709678","2815","22885","6.034269092544433","0.9270790815353394","7.833550453186035"
"0.189","8727.952380952382","2605","14936","5.07592569788297","1.2010067701339722","6.51980447769165","11856.09090909091","5149","18381","2.1656082814390007","1.127272605895996","3.2932028770446777","16826","10766","22886","1.2647108326597911","1.1611051559448242","1.3792757987976074","16826","10766","22886","1.5956335983625272","1.168573260307312","2.3417348861694336","7375","6368","7958","2.770292818546295","2.6628005504608154","2.907524585723877","13412.064516129032","6368","20501","5.499198918381045","1.042701244354248","7.251253604888916","14112.604838709678","2816","22886","6.024636788233634","0.9212024807929993","7.822319507598877"
"0.192","8728.952380952382","2606","14937","5.071380952994029","1.2121609449386597","6.517696857452393","11857.09090909091","5150","18382","2.1786740882830187","1.139365315437317","3.3217082023620605","16827","10767","22887","1.2737664827486364","1.1587679386138916","1.4076621532440186","16827","10767","22887","1.6130233007233317","1.1744868755340576","2.3930318355560303","7376","6369","7959","2.767745077610016","2.6633663177490234","2.906031370162964","13413.064516129032","6369","20502","5.492382526397705","1.0484405755996704","7.248900890350342","14113.604838709678","2817","22887","6.01237207410797","0.9222164750099182","7.795272350311279"
"0.195","8729.952380952382","2607","14938","5.0667324761549635","1.2320727109909058","6.524567604064941","11858.09090909091","5151","18383","2.1873104111714796","1.1439505815505981","3.3452696800231934","16828","10768","22888","1.2824597271477305","1.1545864343643188","1.435318112373352","16828","10768","22888","1.631759664634379","1.1957676410675049","2.444669723510742","7377","6370","7960","2.7657434344291687","2.6646780967712402","2.9059433937072754","13414.064516129032","6370","20503","5.4840822277530545","1.0597625970840454","7.2407708168029785","14114.604838709678","2818","22888","5.9970046281814575","0.9337306618690491","7.748170375823975"
"0.198","8730.952380952382","2608","14939","5.060586645489647","1.2454047203063965","6.509491920471191","11859.09090909091","5152","18384","2.1909753653136166","1.1413782835006714","3.3554394245147705","16829","10769","22889","1.2905053772577426","1.1512548923492432","1.4607187509536743","16829","10769","22889","1.6514728592663277","1.210959792137146","2.514575242996216","7378","6371","7961","2.7640889286994934","2.666485071182251","2.906101942062378","13415.064516129032","6371","20504","5.473397371269042","1.0678316354751587","7.220997333526611","14115.604838709678","2819","22889","5.979881614927323","0.924079179763794","7.697298049926758"
"0.201","8731.952380952382","2609","14940","5.052957324754624","1.2530076503753662","6.476200103759766","11860.09090909091","5153","18385","2.1911842199889096","1.1557782888412476","3.34590220451355","16830","10770","22890","1.2972524616776444","1.156297206878662","1.4892984628677368","16830","10770","22890","1.670531171124156","1.2216285467147827","2.577493667602539","7379","6372","7962","2.7623674869537354","2.667996644973755","2.905575752258301","13416.064516129032","6372","20505","5.46004034723005","1.077027678489685","7.204430103302002","14116.604838709678","2820","22890","5.962439718265688","0.9180167317390442","7.653618335723877"
"0.20400000000000001","8732.952380952382","2610","14941","5.0446383697646","1.256992220878601","6.449601173400879","11861.09090909091","5154","18386","2.1906744458458642","1.149256944656372","3.327007532119751","16831","10771","22891","1.3046042192273024","1.1576224565505981","1.5153741836547852","16831","10771","22891","1.6895867070046866","1.2262564897537231","2.6353211402893066","7380","6373","7963","2.760385572910309","2.66861629486084","2.903974771499634","13417.064516129032","6373","20506","5.4447071571503916","1.0810626745224","7.180109977722168","14117.604838709678","2821","22891","5.94618065943641","0.9102069139480591","7.609199523925781"
"0.20700000000000002","8733.952380952382","2611","14942","5.0357078313827515","1.2727833986282349","6.410690784454346","11862.09090909091","5155","18387","2.1905505169521677","1.1562926769256592","3.3073689937591553","16832","10772","22892","1.3122714648886424","1.1689070463180542","1.5295181274414062","16832","10772","22892","1.7075657953576344","1.2533226013183594","2.6770873069763184","7381","6374","7964","2.758576452732086","2.6682193279266357","2.9014861583709717","13418.064516129032","6374","20507","5.427992680380421","1.0899543762207031","7.161198139190674","14118.604838709678","2822","22892","5.931454235026913","0.9161404371261597","7.569328308105469"
"0.21","8734.952380952382","2612","14943","5.026337004843212","1.2852518558502197","6.361232280731201","11863.09090909091","5156","18388","2.190096825361252","1.1674944162368774","3.282583236694336","16833","10773","22893","1.3199388268517285","1.1805061101913452","1.5540226697921753","16833","10773","22893","1.7244866824731595","1.281602144241333","2.7215287685394287","7382","6375","7965","2.7566776275634766","2.666987657546997","2.897893190383911","13419.064516129032","6375","20508","5.410628030377049","1.0968260765075684","7.1417622566223145","14119.604838709678","2823","22893","5.9180737748261425","0.9190126657485962","7.530071258544922"
"0.213","8735.952380952382","2613","14944","5.016823859441848","1.294981837272644","6.316076755523682","11864.09090909091","5157","18389","2.190348050811074","1.1752015352249146","3.2713217735290527","16834","10774","22894","1.3280560984844114","1.1839394569396973","1.5558910369873047","16834","10774","22894","1.7414185899059946","1.2725309133529663","2.7759652137756348","7383","6376","7966","2.7549562454223633","2.666217565536499","2.8936400413513184","13420.064516129032","6376","20509","5.392709210995705","1.1048156023025513","7.11244010925293","14120.604838709678","2824","22894","5.905438355380489","0.9308209419250488","7.49146842956543"
"0.216","8736.952380952382","2614","14945","5.00675558476221","1.3134328126907349","6.259574890136719","11865.09090909091","5158","18390","2.1919891861352054","1.1882333755493164","3.2626163959503174","16835","10775","22895","1.3370343272278948","1.194420576095581","1.5544716119766235","16835","10775","22895","1.7588788590780118","1.2478132247924805","2.833812713623047","7384","6377","7967","2.753537595272064","2.6666247844696045","2.889285087585449","13421.064516129032","6377","20510","5.37491569019133","1.1197221279144287","7.081549644470215","14121.604838709678","2825","22895","5.89302549102614","0.94183748960495","7.458082675933838"
"0.219","8737.952380952382","2615","14946","4.996246346405575","1.328583002090454","6.227175712585449","11866.09090909091","5159","18391","2.1945870627056467","1.1987862586975098","3.2689285278320312","16836","10776","22896","1.3473875195514866","1.2045820951461792","1.5785249471664429","16836","10776","22896","1.776936113834381","1.250407338142395","2.88191556930542","7385","6378","7968","2.752599060535431","2.6686694622039795","2.885693311691284","13422.064516129032","6378","20511","5.358038068779053","1.13258695602417","7.068581581115723","14122.604838709678","2826","22896","5.880233062371131","0.9500864148139954","7.428342342376709"
"0.222","8738.952380952382","2616","14947","4.985008832954225","1.340512752532959","6.198719501495361","11867.09090909091","5160","18392","2.19839564778588","1.2122290134429932","3.2757835388183594","16837","10777","22897","1.3585750889487382","1.2185444831848145","1.6187173128128052","16837","10777","22897","1.7947642076306227","1.2495946884155273","2.927320957183838","7386","6379","7969","2.752216339111328","2.67183518409729","2.883589267730713","13423.064516129032","6379","20512","5.342503690911878","1.144842267036438","7.056291103363037","14123.604838709678","2827","22897","5.866686925772698","0.9606579542160034","7.408247470855713"
"0.225","8739.952380952382","2617","14948","4.972370346387227","1.3613593578338623","6.175078868865967","11868.09090909091","5161","18393","2.2007265253500505","1.217229962348938","3.27958607673645","16838","10778","22898","1.3690255618676908","1.2367922067642212","1.6506338119506836","16838","10778","22898","1.8108840439377762","1.2454811334609985","2.9484074115753174","7387","6380","7970","2.752168357372284","2.6636085510253906","2.8829166889190674","13424.064516129032","6380","20513","5.327262482335491","1.157414436340332","7.035543441772461","14124.604838709678","2828","22898","5.8518172012221426","0.976749062538147","7.397830486297607"
"0.228","8740.952380952382","2618","14949","4.959612742775962","1.3767751455307007","6.158323287963867","11869.09090909091","5162","18394","2.2034721726720985","1.223085880279541","3.283968925476074","16839","10779","22899","1.3784742704251918","1.2319649457931519","1.6598131656646729","16839","10779","22899","1.8261691048377897","1.2723679542541504","2.963111639022827","7388","6381","7971","2.7522746920585632","2.656745672225952","2.8830149173736572","13425.064516129032","6381","20514","5.312785198611598","1.165678858757019","7.019198894500732","14125.604838709678","2829","22899","5.8363778259484995","0.9855312705039978","7.387102127075195"
"0.231","8741.952380952382","2619","14950","4.94627985500154","1.38253915309906","6.135985374450684","11870.09090909091","5163","18395","2.2048698013479058","1.220923900604248","3.283628225326538","16840","10780","22900","1.3866513974782897","1.219756841659546","1.6422865390777588","16840","10780","22900","1.8400505875668876","1.3039981126785278","2.9827826023101807","7389","6382","7972","2.7520806193351746","2.6510491371154785","2.883361339569092","13426.064516129032","6382","20515","5.298986973301057","1.1630628108978271","7.005333423614502","14126.604838709678","2830","22900","5.820293666374299","0.9954169392585754","7.381880283355713"
"0.234","8742.952380952382","2620","14951","4.932406303428468","1.3810319900512695","6.123616695404053","11871.09090909091","5164","18396","2.204214250499552","1.2183432579040527","3.2667605876922607","16841","10781","22901","1.3929134898069429","1.2167023420333862","1.6297959089279175","16841","10781","22901","1.8526556768068454","1.3267390727996826","2.9948339462280273","7390","6383","7973","2.7512131333351135","2.6457042694091797","2.8833305835723877","13427.064516129032","6383","20516","5.286260239539608","1.1685866117477417","6.987112998962402","14127.604838709678","2831","22901","5.8031500712517765","1.00544273853302","7.362486362457275"
"0.23700000000000002","8743.952380952382","2621","14952","4.91817280508223","1.369624376296997","6.101734161376953","11872.09090909091","5165","18397","2.203254534439607","1.2316848039627075","3.2568583488464355","16842","10782","22902","1.3984978264424859","1.228535771369934","1.6208134889602661","16842","10782","22902","1.864374718288096","1.3626667261123657","3.0104715824127197","7391","6384","7974","2.7492789030075073","2.6394314765930176","2.8824377059936523","13428.064516129032","6384","20517","5.274442674652223","1.168319582939148","6.973234176635742","14128.604838709678","2832","22902","5.7848632864413725","1.0024911165237427","7.329082012176514"
"0.24","8744.952380952382","2622","14953","4.902932641052065","1.3667516708374023","6.080704212188721","11873.09090909091","5166","18398","2.2016707252372396","1.2413654327392578","3.254899740219116","16843","10783","22903","1.40270641373425","1.2140649557113647","1.6218864917755127","16843","10783","22903","1.8744511640653378","1.3566814661026","3.020749568939209","7392","6385","7975","2.745991289615631","2.630711555480957","2.881136894226074","13429.064516129032","6385","20518","5.262138682027017","1.1748415231704712","6.953195571899414","14129.604838709678","2833","22903","5.764963473523816","0.99418705701828","7.302143573760986"
"0.243","8745.952380952382","2623","14954","4.888317372117724","1.365050196647644","6.0524444580078125","11874.09090909091","5167","18399","2.2020767520774496","1.2547687292099","3.244474172592163","16844","10784","22904","1.408989726770215","1.2139253616333008","1.6187281608581543","16844","10784","22904","1.8860627369182865","1.3867958784103394","3.0501463413238525","7393","6386","7976","2.742191433906555","2.619495391845703","2.8811068534851074","13430.064516129032","6386","20519","5.250291786847576","1.1816446781158447","6.934567928314209","14130.604838709678","2834","22904","5.744973313904578","0.9914552569389343","7.27424430847168"
"0.246","8746.952380952382","2624","14955","4.873977185714812","1.3673449754714966","6.039688587188721","11875.09090909091","5168","18400","2.2035082443193956","1.2772548198699951","3.23360276222229","16845","10785","22905","1.4149627031349554","1.2221519947052002","1.625521183013916","16845","10785","22905","1.8988312075777751","1.376651644706726","3.0862667560577393","7394","6387","7977","2.738701581954956","2.6078436374664307","2.8834714889526367","13431.064516129032","6387","20520","5.238713552874904","1.187284231185913","6.910417556762695","14131.604838709678","2835","22905","5.724977605285183","0.9908408522605896","7.240685939788818"
"0.249","8747.952380952382","2625","14956","4.85893048842748","1.3675342798233032","6.033450126647949","11876.09090909091","5169","18401","2.2047903591936286","1.287328839302063","3.2206273078918457","16846","10786","22906","1.420190353219102","1.2389732599258423","1.6272037029266357","16846","10786","22906","1.912478884545768","1.3941872119903564","3.1369717121124268","7395","6388","7978","2.7361974716186523","2.5973093509674072","2.8887977600097656","13432.064516129032","6388","20521","5.226292180438196","1.1921017169952393","6.878442287445068","14132.604838709678","2836","22906","5.7040102222273426","0.9889862537384033","7.208329200744629"
"0.252","8748.952380952382","2626","14957","4.843388127429145","1.3731354475021362","6.0258917808532715","11877.09090909091","5170","18402","2.203790247440338","1.3008568286895752","3.1972389221191406","16847","10787","22907","1.424321381057181","1.252860188484192","1.6193782091140747","16847","10787","22907","1.926450589081136","1.4070158004760742","3.185310125350952","7396","6389","7979","2.7344168424606323","2.588055372238159","2.8963139057159424","13433.064516129032","6389","20522","5.212153481860315","1.2013474702835083","6.850388526916504","14133.604838709678","2837","22907","5.682748149960272","0.985612690448761","7.177556991577148"
"0.255","8749.952380952382","2627","14958","4.827153975055332","1.3876161575317383","6.014305114746094","11878.09090909091","5171","18403","2.1993801431222395","1.3075999021530151","3.1718530654907227","16848","10788","22908","1.4278750514111869","1.2507691383361816","1.6287761926651","16848","10788","22908","1.9399880461576509","1.4029208421707153","3.2169573307037354","7397","6390","7980","2.7330530285835266","2.579508066177368","2.904932975769043","13434.064516129032","6390","20523","5.196151305590907","1.2082915306091309","6.829793453216553","14134.604838709678","2838","22908","5.662254644017065","0.9929410219192505","7.149493217468262"
"0.258","8750.952380952382","2628","14959","4.809964053687596","1.387824296951294","6.004024505615234","11879.09090909091","5172","18404","2.1918311552567915","1.3112080097198486","3.1494522094726562","16849","10789","22909","1.4312210242922714","1.2515754699707031","1.6524310111999512","16849","10789","22909","1.9531296433472052","1.4071019887924194","3.250316619873047","7398","6391","7981","2.731715679168701","2.5711123943328857","2.913750171661377","13435.064516129032","6391","20524","5.178873115008877","1.212006688117981","6.80607795715332","14135.604838709678","2839","22909","5.642979457493751","0.9871715307235718","7.120481014251709"
"0.261","8751.952380952382","2629","14960","4.7919842685971945","1.3967641592025757","5.986783504486084","11880.09090909091","5173","18405","2.1818107718771156","1.328474760055542","3.1217784881591797","16850","10790","22910","1.4339581735250426","1.2588618993759155","1.6932854652404785","16850","10790","22910","1.9652541141684463","1.3977216482162476","3.2896652221679688","7399","6392","7982","2.729629099369049","2.561997175216675","2.921813488006592","13436.064516129032","6392","20525","5.161710882379163","1.207806944847107","6.779382705688477","14136.604838709678","2840","22910","5.625043228268623","0.9777277112007141","7.09608268737793"
"0.264","8752.952380952382","2630","14961","4.773511781578972","1.3895047903060913","5.973448753356934","11881.09090909091","5174","18406","2.171903973275965","1.3236936330795288","3.0980405807495117","16851","10791","22911","1.4362231747406284","1.265735387802124","1.7137831449508667","16851","10791","22911","1.9764402203443574","1.387376308441162","3.3249285221099854","7400","6393","7983","2.7262580394744873","2.5521366596221924","2.9280316829681396","13437.064516129032","6393","20526","5.1450598066852935","1.2028120756149292","6.758560657501221","14137.604838709678","2841","22911","5.607850692925915","0.9730457067489624","7.073960781097412"
"0.267","8753.952380952382","2631","14962","4.755698177076521","1.3844404220581055","5.95795202255249","11882.09090909091","5175","18407","2.162659078836441","1.3332056999206543","3.06050181388855","16852","10792","22912","1.4389749191156247","1.2697995901107788","1.7306188344955444","16852","10792","22912","1.987346812719252","1.3774596452713013","3.3503572940826416","7401","6394","7984","2.7219667434692383","2.5423481464385986","2.932093381881714","13438.064516129032","6394","20527","5.129710855983919","1.2019798755645752","6.748205661773682","14138.604838709678","2842","22912","5.592790341665668","0.9539644718170166","7.053522109985352"
"0.27","8754.952380952382","2632","14963","4.737770523343768","1.3902398347854614","5.9381561279296875","11883.09090909091","5176","18408","2.1527285034006294","1.3596111536026","3.0281543731689453","16853","10793","22913","1.441000066879319","1.263056755065918","1.7003211975097656","16853","10793","22913","1.9961364065728537","1.3693515062332153","3.3716561794281006","7402","6395","7985","2.7173880338668823","2.5332119464874268","2.9346065521240234","13439.064516129032","6395","20528","5.115251668999272","1.2155406475067139","6.731982707977295","14139.604838709678","2843","22913","5.579719217073533","0.9592016339302063","7.03712797164917"
"0.273","8755.952380952382","2633","14964","4.721141021876108","1.3870351314544678","5.915070056915283","11884.09090909091","5177","18409","2.1439522315155375","1.3721333742141724","3.0089337825775146","16854","10794","22914","1.4431275972505895","1.2573882341384888","1.6498533487319946","16854","10794","22914","2.0044594014563213","1.3558778762817383","3.3911733627319336","7403","6396","7986","2.713567078113556","2.525233030319214","2.936276435852051","13440.064516129032","6396","20529","5.1032767401587575","1.2154003381729126","6.723052501678467","14140.604838709678","2844","22914","5.569360703710587","0.9616614580154419","7.032189846038818"
"0.276","8756.952380952382","2634","14965","4.707633202984219","1.3865803480148315","5.897607326507568","11885.09090909091","5178","18410","2.139895336194472","1.372122049331665","2.99202561378479","16855","10795","22915","1.4484060828278704","1.2567566633224487","1.6227418184280396","16855","10795","22915","2.014094385432034","1.3400694131851196","3.4135704040527344","7404","6397","7987","2.7126681208610535","2.520263195037842","2.939629554748535","13441.064516129032","6397","20530","5.09560890832255","1.2155988216400146","6.7114787101745605","14141.604838709678","2845","22915","5.562965181566054","0.9687775373458862","7.028658390045166"
"0.279","8757.952380952382","2635","14966","4.698344870692208","1.3943144083023071","5.88026237487793","11886.09090909091","5179","18411","2.1428726721893656","1.3764722347259521","2.9846818447113037","16856","10796","22916","1.4563160684050582","1.2564105987548828","1.6377229690551758","16856","10796","22916","2.0245492356579478","1.3292533159255981","3.4237070083618164","7405","6398","7988","2.715261697769165","2.519376754760742","2.9459354877471924","13442.064516129032","6398","20531","5.09253024381976","1.2221652269363403","6.70383358001709","14142.604838709678","2846","22916","5.56004297204556","0.9657067060470581","7.022458553314209"
"0.28200000000000003","8758.952380952382","2636","14967","4.693291736500604","1.4045525789260864","5.862828731536865","11887.09090909091","5180","18412","2.1537582955577155","1.3846849203109741","2.9887290000915527","16857","10797","22917","1.465314838944412","1.265982985496521","1.6493477821350098","16857","10797","22917","2.0364635179682478","1.3368322849273682","3.4309656620025635","7406","6399","7989","2.722502887248993","2.524916887283325","2.9565365314483643","13443.064516129032","6399","20532","5.094169184084861","1.2304574251174927","6.702686309814453","14143.604838709678","2847","22917","5.561176313507941","0.9672742486000061","7.009360313415527"
"0.28500000000000003","8759.952380952382","2637","14968","4.692745296728043","1.4171348810195923","5.851319789886475","11888.09090909091","5181","18413","2.1683458225293593","1.4141550064086914","3.0112686157226562","16858","10798","22918","1.4742814891222047","1.25931715965271","1.6616452932357788","16858","10798","22918","2.0495249418223778","1.3502885103225708","3.4407875537872314","7407","6400","7990","2.7330824732780457","2.5357935428619385","2.969688892364502","13444.064516129032","6400","20533","5.101005551315123","1.2445863485336304","6.707550048828125","14144.604838709678","2848","22918","5.567156715258475","0.974146842956543","6.996691703796387"
"0.28800000000000003","8760.952380952382","2638","14969","4.695874171597617","1.420747995376587","5.846771717071533","11889.09090909091","5182","18414","2.1826400485905735","1.4345213174819946","3.0435149669647217","16859","10799","22919","1.4813254141226047","1.2570587396621704","1.6891976594924927","16859","10799","22919","2.062949744666495","1.360680341720581","3.4539172649383545","7408","6401","7991","2.744830310344696","2.548922061920166","2.98319149017334","13445.064516129032","6401","20534","5.112370876535293","1.2477707862854004","6.7158203125","14145.604838709678","2849","22919","5.577016093557881","0.9742318987846375","6.991015434265137"
"0.291","8761.952380952382","2639","14970","4.702190211841038","1.4180227518081665","5.841773986816406","11890.09090909091","5183","18415","2.1952505030415277","1.437874436378479","3.0840065479278564","16860","10800","22920","1.4855152085060026","1.2540251016616821","1.6998366117477417","16860","10800","22920","2.075969182863468","1.3707921504974365","3.463144540786743","7409","6402","7992","2.7562007308006287","2.5621235370635986","2.995565176010132","13446.064516129032","6402","20535","5.127452561932225","1.245811104774475","6.726144313812256","14146.604838709678","2850","22920","5.589653389588479","0.9687444567680359","6.9953227043151855"
"0.294","8762.952380952382","2640","14971","4.7111218103340695","1.411792516708374","5.850424289703369","11891.09090909091","5184","18416","2.2060894424265083","1.4485692977905273","3.0850348472595215","16861","10801","22921","1.4875995931102008","1.2615971565246582","1.6936662197113037","16861","10801","22921","2.0876820072895144","1.3826119899749756","3.479802131652832","7410","6403","7993","2.7661869525909424","2.573519229888916","3.0065906047821045","13447.064516129032","6403","20536","5.1458248505669255","1.2436575889587402","6.742466449737549","14147.604838709678","2851","22921","5.604206452927282","0.9617165923118591","7.014832496643066"
"0.297","8763.952380952382","2641","14972","4.722533813544682","1.4122692346572876","5.861337661743164","11892.09090909091","5185","18417","2.215983675284819","1.4555411338806152","3.0827934741973877","16862","10802","22922","1.489492555217045","1.2546273469924927","1.6908550262451172","16862","10802","22922","2.0988738878471094","1.3918051719665527","3.4813129901885986","7411","6404","7994","2.7750487327575684","2.5832130908966064","3.017256498336792","13448.064516129032","6404","20537","5.167370253993619","1.2496424913406372","6.765970706939697","14148.604838709678","2852","22922","5.619939035465641","0.9636866450309753","7.04835319519043"
"0.3","8764.952380952382","2642","14973","4.736562205212457","1.4065862894058228","5.871861457824707","11893.09090909091","5186","18418","2.224802694537423","1.45369553565979","3.084620475769043","16863","10803","22923","1.4926320263525334","1.2509443759918213","1.6857246160507202","16863","10803","22923","2.1094267433736382","1.3877910375595093","3.492905616760254","7412","6405","7995","2.7835147976875305","2.592190980911255","3.028695821762085","13449.064516129032","6405","20538","5.191600888967514","1.255257487297058","6.78978967666626","14149.604838709678","2853","22923","5.636219626953525","0.9605128169059753","7.086390972137451"